单词,音标,中文,来源
"a","","long time ago 很久以前","五年级下册_英语词汇表.md；六年级上册_英语词汇表.md；六年级下册_英语词汇表.md；四年级上册_英语词汇表.md"
"a(an)","","一（个、件）","初中英语必背1600单词.md"
"a.m","/ˌeɪˈem/","上午","四年级下册_英语词汇表.md"
"ability","","能力","初中英语必背1600单词.md"
"able","","能够","初中英语必背1600单词.md"
"about","/əˈbaʊt/","d. perp. 大约、到处","初中英语必背1600单词.md；四年级下册_英语词汇表.md"
"above","","在…上面","初中英语必背1600单词.md"
"abroad","","d. 到（在）国外","初中英语必背1600单词.md"
"accident","","事故","初中英语必背1600单词.md"
"ache","","痛","初中英语必背1600单词.md"
"achieve","","t. 达到","初中英语必背1600单词.md"
"across","","横过","初中英语必背1600单词.md"
"act","","… out 表演","五年级下册_英语词汇表.md；初中英语必背1600单词.md"
"action","","行动","初中英语必背1600单词.md"
"active","","积极的","初中英语必背1600单词.md"
"activity","","活动","初中英语必背1600单词.md"
"add","","t. 增加","初中英语必背1600单词.md"
"address","","地址","初中英语必背1600单词.md"
"adult","/ˈædʌlt; əˈdʌlt/","成年人","六年级下册_英语词汇表.md"
"adv","","副词 prep 介词 conj连词","初中英语单词表2182个(带音标).md"
"advantage","","优点","初中英语必背1600单词.md"
"advertisement","","广告","初中英语必背1600单词.md"
"advice","","劝告、建议","初中英语必背1600单词.md"
"advise","","t. 劝告、建议","初中英语必背1600单词.md"
"afford","","t. 负担得起（的费用）","初中英语必背1600单词.md"
"afraid","","害怕的","初中英语必背1600单词.md"
"after","/ˈɑ:ftə(r)/","d.prep.conj. 在…之后","五年级上册_英语词汇表.md；初中英语必背1600单词.md"
"afternoon","/ˌɑ:ftəˈnu:n/","下午","初中英语必背1600单词.md；四年级上册_英语词汇表.md"
"again","/əˈɡen; əˈɡeɪn/","d. 再一次","初中英语必背1600单词.md；四年级下册_英语词汇表.md"
"against","","反对","初中英语必背1600单词.md"
"age","","年龄","初中英语必背1600单词.md"
"ago","/əˈɡəʊ/","d. 以前","六年级下册_英语词汇表.md；初中英语必背1600单词.md"
"agree","","同意","初中英语必背1600单词.md"
"agreement","","同意","初中英语必背1600单词.md"
"air","/eə(r)/","空气、大气","六年级上册_英语词汇表.md；初中英语必背1600单词.md"
"airline","","航空公司","初中英语必背1600单词.md"
"airplane","","（美）飞机","初中英语必背1600单词.md"
"airport","","飞机场","初中英语必背1600单词.md"
"alive","/əˈlaɪv/","活着的","六年级上册_英语词汇表.md；初中英语必背1600单词.md"
"all","/ɔ:l/","year round 一年到头","五年级下册_英语词汇表.md；六年级下册_英语词汇表.md；初中英语必背1600单词.md；四年级下册_英语词汇表.md"
"allow","","t. 允许","初中英语必背1600单词.md"
"almost","","d. 几乎","初中英语必背1600单词.md"
"alone","","单独的","初中英语必背1600单词.md"
"along","/əˈlɒŋ/","d.一起 prep.沿着","五年级上册_英语词汇表.md；初中英语必背1600单词.md"
"aloud","","d. 大声地","初中英语必背1600单词.md"
"already","","d. 已经","初中英语必背1600单词.md"
"also","/ˈɔ:lsəʊ/","d. 也","初中英语必背1600单词.md；四年级下册_英语词汇表.md"
"although","","虽然","初中英语必背1600单词.md"
"always","/ˈɔ:lweɪz/","总是；一直","五年级上册_英语词汇表.md；初中英语必背1600单词.md"
"am","","be的人称形式之一","初中英语必背1600单词.md"
"American","","美国的（人）","初中英语必背1600单词.md"
"among","","在…中间","初中英语必背1600单词.md"
"ancient","","古代的","初中英语必背1600单词.md"
"and","","和","初中英语必背1600单词.md"
"angry","/ˈæŋɡri/","生气的","初中英语必背1600单词.md；四年级上册_英语词汇表.md"
"animal","/ˈænɪml/","动物","初中英语必背1600单词.md；四年级上册_英语词汇表.md"
"another","/əˈnʌðə(r)/","另一个","五年级上册_英语词汇表.md"
"answer","/ˈɑ:nsə(r)/","回答","五年级上册_英语词汇表.md；初中英语必背1600单词.md"
"ant","/ænt/","蚂蚁","六年级上册_英语词汇表.md；初中英语必背1600单词.md"
"any","/ˈeni/","（无论）哪一个","初中英语必背1600单词.md；四年级上册_英语词汇表.md"
"anybody","","任何人，无论谁","初中英语必背1600单词.md"
"anyone","","任何人，无论谁","初中英语必背1600单词.md"
"anything","/ˈeniθɪŋ/","什么事（物）","六年级上册_英语词汇表.md；初中英语必背1600单词.md"
"anyway","","d. 不管怎样","初中英语必背1600单词.md"
"anywhere","/ˈeniweə(r)/","i. 任何地方","五年级下册_英语词汇表.md；初中英语必背1600单词.md"
"appear","","出现","初中英语必背1600单词.md"
"apple","","苹果","初中英语必背1600单词.md"
"April","/ˈeɪprəl/","4月","初中英语必背1600单词.md；四年级下册_英语词汇表.md"
"area","","面积","初中英语必背1600单词.md"
"arm","","臂","初中英语必背1600单词.md"
"army","","军队","初中英语必背1600单词.md"
"around","/əˈraʊnd/","d.prep. 在周围，大约","初中英语必背1600单词.md；四年级上册_英语词汇表.md"
"arrive","","i. 到达","初中英语必背1600单词.md"
"art","/ɑ:t/","room 美术室","五年级下册_英语词汇表.md；初中英语必背1600单词.md；四年级下册_英语词汇表.md"
"article","","文章","初中英语必背1600单词.md"
"artist","/ˈɑ:tɪst/","艺术家；","六年级下册_英语词汇表.md"
"as","","d&conj.prep 像…一样，因为，作为","初中英语必背1600单词.md"
"Asia","","亚洲","初中英语必背1600单词.md"
"Asian","","亚洲的（人）","初中英语必背1600单词.md"
"ask","/ɑ:sk/","请求，要求，邀请","五年级上册_英语词汇表.md；初中英语必背1600单词.md"
"asleep","/əˈsli:p/","睡着的","六年级上册_英语词汇表.md"
"at","","the end of 在……的最后","五年级上册_英语词汇表.md；五年级下册_英语词汇表.md；六年级下册_英语词汇表.md；初中英语必背1600单词.md；四年级下册_英语词汇表.md"
"Atlantic","","大西洋的","初中英语必背1600单词.md"
"attention","","注意","初中英语必背1600单词.md"
"August","/ˈɔ:ɡəst/","8月","初中英语必背1600单词.md；四年级下册_英语词汇表.md"
"aunt","/ɑ:nt/","姑妈；姨妈；伯母；婶婶；","初中英语必背1600单词.md；四年级上册_英语词汇表.md"
"Australia","","澳大利亚","初中英语必背1600单词.md"
"Australian","","澳大利亚的（人）","初中英语必背1600单词.md"
"autumn","","秋天","初中英语必背1600单词.md"
"avaiale","","可能的","初中英语必背1600单词.md"
"avoid","","避免","初中英语必背1600单词.md"
"awake(awoke,awoken)","","唤醒","初中英语必背1600单词.md"
"away","/əˈweɪ/","d. 离开，远离","初中英语必背1600单词.md；四年级下册_英语词汇表.md"
"baby","/ˈbeɪbi/","宝宝；婴儿","初中英语必背1600单词.md；四年级下册_英语词汇表.md"
"back","/bæk/","d.回（远处） n.背","初中英语必背1600单词.md；四年级下册_英语词汇表.md"
"background","","背景","初中英语必背1600单词.md"
"bag","/bæɡ/","书包","初中英语必背1600单词.md；四年级下册_英语词汇表.md"
"ball","","球","初中英语必背1600单词.md"
"balloon","/bəˈlu:n/","气球","六年级上册_英语词汇表.md；初中英语必背1600单词.md"
"bamboo","","竹","初中英语必背1600单词.md"
"banana","","香蕉","初中英语必背1600单词.md"
"bank","","岸，银行","初中英语必背1600单词.md"
"baseball","","棒球","初中英语必背1600单词.md"
"basic","","基本的","初中英语必背1600单词.md"
"basket","","篮子","初中英语必背1600单词.md"
"basketball","/ˈbɑ:skɪtbɔ:l/","篮球","初中英语必背1600单词.md；四年级下册_英语词汇表.md"
"bathroom","","浴室","初中英语必背1600单词.md"
"be","","式（原形），成为","初中英语必背1600单词.md"
"be)","","weak /wi:k/ in 不擅长","五年级上册_英语词汇表.md；五年级下册_英语词汇表.md；六年级上册_英语词汇表.md；四年级下册_英语词汇表.md"
"beach","/bi:tʃ/","海滨，海滩 on beach","五年级上册_英语词汇表.md；初中英语必背1600单词.md"
"bear","","承受 n.熊","初中英语必背1600单词.md"
"beat(beat,beaten)","","跳动，打赢","初中英语必背1600单词.md"
"beautiful","","美丽的","初中英语必背1600单词.md"
"because","/bɪˈkɒz/","因为","五年级下册_英语词汇表.md；初中英语必背1600单词.md"
"become","/bɪˈkʌm/","变成；变得","五年级上册_英语词汇表.md"
"become(became,become)","","变得，成为","初中英语必背1600单词.md"
"bed","","床","初中英语必背1600单词.md"
"bedroom","/ˈbedru:m; -rʊm/","卧室","五年级上册_英语词汇表.md；初中英语必背1600单词.md"
"bedtime","/ˈbedtaɪm/","就寝时间","五年级上册_英语词汇表.md"
"bee","/bi:/","蜜蜂","六年级上册_英语词汇表.md；初中英语必背1600单词.md"
"beef","","牛肉","初中英语必背1600单词.md"
"before","/bɪˈfɔ:(r)/","在…前面 ad.以前conj.在…之前","五年级上册_英语词汇表.md；初中英语必背1600单词.md"
"begin","/bɪˈɡɪn/","开始","五年级上册_英语词汇表.md"
"begin(began,,begun)","","开始","初中英语必背1600单词.md"
"behaviour","","行为，举止","初中英语必背1600单词.md"
"behind","/bɪˈhaɪnd/","在…后面 ad.在后面","初中英语必背1600单词.md；四年级上册_英语词汇表.md"
"believe","","相信，认为","初中英语必背1600单词.md"
"bell","/bel/","钟，钟（铃）声","六年级下册_英语词汇表.md；初中英语必背1600单词.md"
"bellow","","在…下面","初中英语必背1600单词.md"
"beside","/bɪˈsaɪd/","在……旁边","初中英语必背1600单词.md；四年级上册_英语词汇表.md"
"besides","","除…以外（还有）ad.此外","初中英语必背1600单词.md"
"best","/best/","最好的","五年级下册_英语词汇表.md"
"best(good,well)","","d. 最好的（地）","初中英语必背1600单词.md"
"better(good,well)","","d. 更好的","初中英语必背1600单词.md"
"between","/bɪˈtwi:n/","在（两者）之间","五年级上册_英语词汇表.md；初中英语必背1600单词.md"
"beyond","","（表示位置）在…的那边","初中英语必背1600单词.md"
"big","","大的","初中英语必背1600单词.md"
"bigger","/ˈbɪɡə(r)/","更大的","六年级下册_英语词汇表.md"
"bill","","账单","初中英语必背1600单词.md"
"bird","/bɜ:d/","鸟","初中英语必背1600单词.md；四年级上册_英语词汇表.md"
"birth","","出生","初中英语必背1600单词.md"
"birthday","","生日","初中英语必背1600单词.md"
"biscuit","","饼干","初中英语必背1600单词.md"
"bit","","一点","初中英语必背1600单词.md"
"bitter","","有苦味的","初中英语必背1600单词.md"
"black","","黑色的","初中英语必背1600单词.md"
"blackboard","","黑板","初中英语必背1600单词.md"
"blind","/blaɪnd/","瞎的；失明的","初中英语必背1600单词.md；四年级下册_英语词汇表.md"
"blood","","血，血液","初中英语必背1600单词.md"
"blow","/bləʊ/","off 吹掉","五年级上册_英语词汇表.md；六年级下册_英语词汇表.md"
"blow(blew,blown)","","吹","初中英语必背1600单词.md"
"blue","","whale /ˌblu: ˈweɪl/ 蓝鲸","六年级上册_英语词汇表.md；初中英语必背1600单词.md"
"board","/bɔ:d/","木板，布告牌 v.上（船，火车，飞机）","五年级下册_英语词汇表.md；初中英语必背1600单词.md"
"boat","/bəʊt/","小船，小舟","五年级下册_英语词汇表.md；初中英语必背1600单词.md"
"body","","身体","初中英语必背1600单词.md"
"book","","书 v.预定，定（房间，车票）","初中英语必背1600单词.md"
"bored","/bɔ:d/","无聊的","五年级上册_英语词汇表.md"
"boring","/ˈbɔ:rɪŋ/","没 趣的； east /i:st/ 东；东部","六年级上册_英语词汇表.md；初中英语必背1600单词.md"
"born","","出生","初中英语必背1600单词.md"
"borrow","","（向别人）借用，借","初中英语必背1600单词.md"
"boss","","领班，老板","初中英语必背1600单词.md"
"both","/bəʊθ/","两；双 pron.两者，双方","五年级上册_英语词汇表.md；初中英语必背1600单词.md"
"bottle","/ˈbɒtl/","瓶子","初中英语必背1600单词.md；四年级上册_英语词汇表.md"
"bottom","","底部；底","初中英语必背1600单词.md"
"bowl","","碗","初中英语必背1600单词.md"
"box","/bɒks/","盒子，箱子","初中英语必背1600单词.md；四年级上册_英语词汇表.md"
"boy","","男孩","初中英语必背1600单词.md"
"brain","","脑（子）","初中英语必背1600单词.md"
"brave","/breɪv/","勇敢的","六年级上册_英语词汇表.md；初中英语必背1600单词.md"
"bread","","面包","初中英语必背1600单词.md"
"break","/breɪk/","休息","四年级下册_英语词汇表.md"
"break(broke,broken)","","打破（断，碎），损坏","初中英语必背1600单词.md"
"breakfast","","早餐","初中英语必背1600单词.md"
"breath","","气息；呼吸","初中英语必背1600单词.md"
"breathe","","呼吸，轻轻吹动，吐出","初中英语必背1600单词.md"
"bridge","","桥","初中英语必背1600单词.md"
"bright","/braɪt/","明亮的；鲜艳的","六年级下册_英语词汇表.md；初中英语必背1600单词.md"
"bring","/brɪŋ/","带来","五年级上册_英语词汇表.md"
"bring(brought,brought)","","t. 拿来，取来，带来","初中英语必背1600单词.md"
"broken","","弄坏了的","初中英语必背1600单词.md"
"broom","/bru:m/","扫帚","六年级下册_英语词汇表.md"
"brother","","兄；弟","初中英语必背1600单词.md"
"brown","/braʊn/","褐色，棕色 a.褐色的","初中英语必背1600单词.md；四年级上册_英语词汇表.md"
"brush","/brʌʃ/","… teeth 刷牙","六年级下册_英语词汇表.md；初中英语必背1600单词.md；四年级下册_英语词汇表.md"
"build","/bɪld/","建筑；建造","五年级下册_英语词汇表.md"
"building","/ˈbɪldɪŋ/","建筑物；楼房","六年级上册_英语词汇表.md；初中英语必背1600单词.md"
"buile(built,built)","","建筑","初中英语必背1600单词.md"
"bullet","/ˈbʊlɪt/","子弹","六年级下册_英语词汇表.md"
"burn","/bɜ:n/","down 烧毁","五年级上册_英语词汇表.md"
"bus","","driver /ˈbʌsˌdraɪvə(r)/ 公共汽车司机","五年级上册_英语词汇表.md；初中英语必背1600单词.md；四年级上册_英语词汇表.md"
"business","","生意，交易","初中英语必背1600单词.md"
"busy","/ˈbɪzi/","忙碌的；繁忙的","初中英语必背1600单词.md；四年级上册_英语词汇表.md"
"but","/bʌt/","但是","初中英语必背1600单词.md；四年级上册_英语词汇表.md"
"butter","","黄油","初中英语必背1600单词.md"
"butterfly","/ˈbʌtəflaɪ/","蝴蝶","五年级下册_英语词汇表.md；初中英语必背1600单词.md"
"buy","/baɪ/","买","五年级下册_英语词汇表.md"
"buy(bought,bought)","","t. 买","初中英语必背1600单词.md"
"by","/baɪ/","靠近；在…旁边；由；乘（车）","五年级上册_英语词汇表.md；六年级下册_英语词汇表.md；初中英语必背1600单词.md"
"bye","","int. 再见","初中英语必背1600单词.md"
"cabbage","","卷心菜，洋白菜","初中英语必背1600单词.md"
"cake","","蛋糕，糕点，饼","初中英语必背1600单词.md"
"call","/kɔ:l/","电话 v.呼唤，喊","五年级下册_英语词汇表.md；初中英语必背1600单词.md"
"camel","","骆驼","初中英语必背1600单词.md"
"camera","/ˈkæmərə/","照相机","五年级下册_英语词汇表.md；初中英语必背1600单词.md"
"camp","","（夏令）营 vi.野营","初中英语必背1600单词.md"
"can","/kæn/","可能 n.罐子","六年级下册_英语词汇表.md；初中英语必背1600单词.md"
"Canada","","加拿大","初中英语必背1600单词.md"
"cancel","","t. 取消to","初中英语必背1600单词.md"
"cancer","","癌","初中英语必背1600单词.md"
"candle","","蜡烛","初中英语必背1600单词.md"
"candy","","糖果candies","初中英语必背1600单词.md"
"cap","/kæp/","帽子；（瓶子的）盖","五年级下册_英语词汇表.md；初中英语必背1600单词.md"
"capital","/ˈkæpɪtl/","首都，省会大写，资本","六年级上册_英语词汇表.md；初中英语必背1600单词.md"
"captain","","（海军）上校， （船，舰，队）长","初中英语必背1600单词.md"
"car","","museum 汽车博物馆","六年级上册_英语词汇表.md；初中英语必背1600单词.md"
"care","","照料 v.关心","初中英语必背1600单词.md"
"careful","/ˈkeəfl/","小心的","五年级上册_英语词汇表.md；初中英语必背1600单词.md"
"carefully","/ˈkeəfəli/","仔细地","六年级下册_英语词汇表.md"
"careless","","粗心的","初中英语必背1600单词.md"
"carrot","/ˈkærət/","胡萝卜","四年级上册_英语词汇表.md"
"carry","/ˈkæri/","t. 拿，搬，带","五年级上册_英语词汇表.md；六年级下册_英语词汇表.md；初中英语必背1600单词.md"
"cat","","猫","初中英语必背1600单词.md"
"catch","/kætʃ/","逮住；捕捉","六年级上册_英语词汇表.md；四年级下册_英语词汇表.md"
"catch(caught,caught)","","捉住；赶上","初中英语必背1600单词.md"
"cause","","原因 vt.引起，使发生","初中英语必背1600单词.md"
"CD-ROM","","大容量光盘","初中英语必背1600单词.md"
"ceiling","","天花板","初中英语必背1600单词.md"
"celebrate","","庆祝","初中英语必背1600单词.md"
"cent","","美分（100cents=1doliar)","初中英语必背1600单词.md"
"centimetre","/ˈsentɪmi:tə(r)/","厘米","六年级下册_英语词汇表.md"
"century","","世纪","初中英语必背1600单词.md"
"certain","","确定的，无疑的；一定会…","初中英语必背1600单词.md"
"chair","","椅子","初中英语必背1600单词.md"
"chairman","","主席，会长","初中英语必背1600单词.md"
"chairwoman","","女主席，女会长","初中英语必背1600单词.md"
"chalk","","粉笔","初中英语必背1600单词.md"
"chance","","机会，可能性","初中英语必背1600单词.md"
"change","/tʃeɪndʒ/","改变，更改，变化，找零钱","五年级下册_英语词汇表.md；初中英语必背1600单词.md"
"cheat","","骗取，哄骗；作弊","初中英语必背1600单词.md"
"check","","核对 vt.检查，批改","初中英语必背1600单词.md"
"cheer","","i. 欢呼；喝彩","初中英语必背1600单词.md"
"cheese","","奶酪","初中英语必背1600单词.md"
"chemistry","","化学","初中英语必背1600单词.md"
"chess","","棋","初中英语必背1600单词.md"
"chest","","箱子；盒子；胸部","初中英语必背1600单词.md"
"chicken","/ˈtʃɪkɪn/","鸡，鸡肉","六年级上册_英语词汇表.md；初中英语必背1600单词.md"
"China","/ˈtʃaɪnə/","中国","初中英语必背1600单词.md；四年级下册_英语词汇表.md"
"Chinese","/ˌtʃaɪˈni:z/","中国的（人），汉语、","初中英语必背1600单词.md；四年级下册_英语词汇表.md"
"chocolate","/ˈtʃɒklət/","巧克力","六年级上册_英语词汇表.md；初中英语必背1600单词.md"
"choice","","选择","初中英语必背1600单词.md"
"choose(chose,chosen)","","t. 选择","初中英语必背1600单词.md"
"chopsticks","","筷子","初中英语必背1600单词.md"
"Christmas","","圣诞节（12月25日）","初中英语必背1600单词.md"
"church","","教堂","初中英语必背1600单词.md"
"cinema","/ˈsɪnəmə/","电影院","初中英语必背1600单词.md；四年级下册_英语词汇表.md"
"circle","/ˈsɜ:kl/","圆圈 vt.将…圈起来","初中英语必背1600单词.md；四年级上册_英语词汇表.md"
"city","/ˈsɪti/","城市","初中英语必背1600单词.md；四年级下册_英语词汇表.md"
"clap","","i.拍手 n.鼓掌","初中英语必背1600单词.md"
"class","/klɑ:s/","（学校里的）班；年级；课","五年级上册_英语词汇表.md；初中英语必背1600单词.md"
"classmate","/ˈklɑ:smeɪt/","同班同学","初中英语必背1600单词.md；四年级上册_英语词汇表.md"
"classroom","/ˈklɑ:sru:m/","教室","初中英语必背1600单词.md；四年级上册_英语词汇表.md"
"clean","/kli:n/","t.弄干净 a.清洁的","六年级上册_英语词汇表.md；初中英语必背1600单词.md"
"cleaner","","清洁工；清洁剂","初中英语必背1600单词.md"
"clear","/klɪə(r)/","清澈的","五年级下册_英语词汇表.md；初中英语必背1600单词.md"
"clearly","","d. 清楚地","初中英语必背1600单词.md"
"clever","/ˈklevə(r)/","聪明的，伶俐的","五年级上册_英语词汇表.md；初中英语必背1600单词.md"
"climb","","trees 爬树","初中英语必背1600单词.md；四年级上册_英语词汇表.md"
"clock","/klɒk/","时钟；钟","初中英语必背1600单词.md；四年级下册_英语词汇表.md"
"clone","","克隆","初中英语必背1600单词.md"
"close","","亲密的 vt.关闭","初中英语必背1600单词.md"
"cloth","/klɒθ/","布；布料","六年级下册_英语词汇表.md"
"clothes","","衣服","初中英语必背1600单词.md"
"cloud","/klaʊd/","云","初中英语必背1600单词.md；四年级上册_英语词汇表.md"
"cloudy","/ˈklaʊdi/","多云的","初中英语必背1600单词.md；四年级上册_英语词汇表.md"
"club","/klʌb/","俱乐部；兴趣小组","初中英语必背1600单词.md；四年级下册_英语词汇表.md"
"coach","","教练","初中英语必背1600单词.md"
"coal","","煤","初中英语必背1600单词.md"
"coast","","海岸","初中英语必背1600单词.md"
"coat","/kəʊt/","外套；大衣","五年级下册_英语词汇表.md；初中英语必背1600单词.md"
"cock","","公鸡","初中英语必背1600单词.md"
"coffee","","咖啡","初中英语必背1600单词.md"
"coin","","硬币","初中英语必背1600单词.md"
"coke","","可口可乐","初中英语必背1600单词.md"
"cola","/ˈkəʊlə/","可乐","六年级上册_英语词汇表.md"
"cold","","冷的 n.感冒","初中英语必背1600单词.md"
"collect","/kəˈlekt/","t. 收集","五年级上册_英语词汇表.md；初中英语必背1600单词.md"
"college","","学院，专科学校","初中英语必背1600单词.md"
"come(came,come)","","i. 来","初中英语必背1600单词.md"
"comfortable","","舒服的","初中英语必背1600单词.md"
"common","","普通的","初中英语必背1600单词.md"
"communicate","","交际","初中英语必背1600单词.md"
"communication","","交际","初中英语必背1600单词.md"
"company","","公司","初中英语必背1600单词.md"
"compare","","t. 比较，对照","初中英语必背1600单词.md"
"competition","","比赛","初中英语必背1600单词.md"
"complete","","完整的，完成，结束","初中英语必背1600单词.md"
"composition","","作文，作曲","初中英语必背1600单词.md"
"computer","/kəmˈpju:tə(r)/","计算机； 爷爷；外公","初中英语必背1600单词.md；四年级上册_英语词汇表.md"
"condition","","条件，状况","初中英语必背1600单词.md"
"coneem","","音乐会","初中英语必背1600单词.md"
"conference","","（正式的）会议，讨论","初中英语必背1600单词.md"
"congratulate","","t. 祝贺","初中英语必背1600单词.md"
"congratulation","","祝贺，庆贺","初中英语必背1600单词.md"
"connect","","t. 连接","初中英语必背1600单词.md"
"consider","","t. 考虑","初中英语必背1600单词.md"
"contmue","","i. 继续","初中英语必背1600单词.md"
"control","","t&n. 控制","初中英语必背1600单词.md"
"conversation","","谈话，交谈","初中英语必背1600单词.md"
"cook","/kʊk/","厨师 v.烹调","五年级上册_英语词汇表.md；初中英语必背1600单词.md"
"cooker","","炊具（锅、炉灶、烤炉等）","初中英语必背1600单词.md"
"cool","/ku:l/","使变凉","六年级上册_英语词汇表.md"
"corner","","角落","初中英语必背1600单词.md"
"corrcet","","改正 a.正确的","初中英语必背1600单词.md"
"correct","","凉的，酷","初中英语必背1600单词.md"
"cost(cost,cost)","","抄本，一本（册） v.抄写","初中英语必背1600单词.md"
"cotton","","棉花（的）","初中英语必背1600单词.md"
"cough","","i. 咳嗽","初中英语必背1600单词.md"
"could","","modal v. （can的过去式）可以","初中英语必背1600单词.md"
"count","","t. 数数","初中英语必背1600单词.md"
"country","/ˈkʌntri/","国家，农村","六年级上册_英语词汇表.md；初中英语必背1600单词.md"
"countryside","","乡下，农村","初中英语必背1600单词.md"
"couple","","夫妇，一堆","初中英语必背1600单词.md"
"courage","","勇气；胆略","初中英语必背1600单词.md"
"course","","过程；经过；课程","初中英语必背1600单词.md"
"cousin","/ˈkʌzn/","堂（表）兄弟，堂（表）兄妹","初中英语必背1600单词.md；四年级上册_英语词汇表.md"
"cover","","盖子 v.覆盖","初中英语必背1600单词.md"
"cow","","母牛","初中英语必背1600单词.md"
"craft","/krɑ:ft/","手艺；工艺","六年级下册_英语词汇表.md"
"crayon","/ˈkreɪən/","彩色蜡笔 future /ˈfju:tʃə(r)/ 将来；未来","五年级下册_英语词汇表.md；初中英语必背1600单词.md"
"crazy","","疯狂的","初中英语必背1600单词.md"
"create","","t. 创造；造成","初中英语必背1600单词.md"
"cross","/krɒs/","十字形的东西 vt.越过","五年级上册_英语词汇表.md；初中英语必背1600单词.md"
"crown","/kraʊn/","王冠；皇冠","六年级下册_英语词汇表.md"
"cruel","","残忍的，残酷的","初中英语必背1600单词.md"
"cry","/kraɪ/","叫喊；哭声，哭","五年级下册_英语词汇表.md；初中英语必背1600单词.md"
"culture","","文化","初中英语必背1600单词.md"
"cup","","茶杯","初中英语必背1600单词.md"
"cut","/kʌt/","… down 把……砍倒","五年级上册_英语词汇表.md；六年级上册_英语词汇表.md"
"cut(cut,cut)","","切，割 n.伤口","初中英语必背1600单词.md"
"cute","/kju:t/","可爱的","六年级上册_英语词汇表.md"
"daily","","每日的 ad.每天n.日报","初中英语必背1600单词.md"
"dance","","i. 跳舞","初中英语必背1600单词.md"
"danger","","危险","初中英语必背1600单词.md"
"dangerous","","危险的","初中英语必背1600单词.md"
"dare","","敢，敢于","初中英语必背1600单词.md"
"dark","","黑暗 a.黑暗的","初中英语必背1600单词.md"
"data","","资料，数据","初中英语必背1600单词.md"
"daughter","/ˈdɔ:tə(r)/","女儿","六年级上册_英语词汇表.md；初中英语必背1600单词.md"
"day","","天，日，白天","初中英语必背1600单词.md"
"dead","","死的","初中英语必背1600单词.md"
"deaf","","聋的","初中英语必背1600单词.md"
"deal","","分给，分配，处理","初中英语必背1600单词.md"
"dear","","亲爱的，贵的","初中英语必背1600单词.md"
"death","","死","初中英语必背1600单词.md"
"December","/dɪˈsembə(r)/","12月","初中英语必背1600单词.md；四年级下册_英语词汇表.md"
"decide","","下决心，决定","初中英语必背1600单词.md"
"decision","","决定，决心","初中英语必背1600单词.md"
"decorate","/ˈdekəreɪt/","装饰；布置","六年级下册_英语词汇表.md"
"deep","","深 ad.深，深厚","初中英语必背1600单词.md"
"degree","","程度，度数；学位","初中英语必背1600单词.md"
"delicious","","美味的；可口的","初中英语必背1600单词.md"
"dentist","/ˈdentɪst/","牙科医生","五年级下册_英语词汇表.md；初中英语必背1600单词.md"
"depend","","i. 依靠，取决于","初中英语必背1600单词.md"
"describe","","t. 描述，叙述","初中英语必背1600单词.md"
"desk","","书桌，写字台","初中英语必背1600单词.md"
"develop","","（使）发展","初中英语必背1600单词.md"
"development","","发展，发达","初中英语必背1600单词.md"
"diamond","/ˈdaɪəmənd/","钻石","五年级上册_英语词汇表.md"
"diary","","日记，日记簿","初中英语必背1600单词.md"
"dictionary","/ˈdɪkʃənri/","字典；词典","五年级下册_英语词汇表.md；初中英语必背1600单词.md"
"die","/daɪ/","死；死亡","六年级上册_英语词汇表.md；初中英语必背1600单词.md"
"difference","","不同","初中英语必背1600单词.md"
"different","/ˈdɪfrənt/","不同的","五年级上册_英语词汇表.md；初中英语必背1600单词.md"
"difficult","","难的","初中英语必背1600单词.md"
"difficulty","","困难","初中英语必背1600单词.md"
"dig","/dɪɡ/","挖（土）；掘（洞）","六年级上册_英语词汇表.md"
"dig(dug,dug)","","挖（洞，沟等）","初中英语必背1600单词.md"
"digital","/ˈdɪdʒɪtl/","数码的","六年级下册_英语词汇表.md"
"dinner","/ˈdɪnə(r)/","正餐，宴会","初中英语必背1600单词.md；四年级下册_英语词汇表.md"
"dinosaur","/ˈdaɪnəsɔ:(r)/","恐龙","六年级下册_英语词汇表.md"
"direct","","t. 直接的，监督；管理；指挥","初中英语必背1600单词.md"
"direction","","方向；方位","初中英语必背1600单词.md"
"director","","所长，处长","初中英语必背1600单词.md"
"dirty","/ˈdɜ:ti/","脏的","六年级上册_英语词汇表.md；初中英语必背1600单词.md"
"discover","","t. 发现","初中英语必背1600单词.md"
"discovery","","发现","初中英语必背1600单词.md"
"discuss","","t. 讨论，议论","初中英语必背1600单词.md"
"discussion","","讨论，辩论","初中英语必背1600单词.md"
"disease","","病，疾病","初中英语必背1600单词.md"
"dish","","盘，碟","初中英语必背1600单词.md"
"dismiss","","t. 让…离开，解雇","初中英语必背1600单词.md"
"disturb","","t. 打扰","初中英语必背1600单词.md"
"divide","","t. 划分","初中英语必背1600单词.md"
"do","","a survey /ˈsɜ:veɪ/ 做调查","五年级上册_英语词汇表.md；五年级下册_英语词汇表.md"
"do(did,done)","","做，干","初中英语必背1600单词.md"
"doctor","/ˈdɒktə(r)/","医生，大夫，博士","初中英语必背1600单词.md；四年级上册_英语词汇表.md"
"dog","","狗","初中英语必背1600单词.md"
"doll","","玩偶，玩具娃娃","初中英语必背1600单词.md"
"dollar","","美元","初中英语必背1600单词.md"
"door","","门","初中英语必背1600单词.md"
"double","","两倍的，双的 n.两个","初中英语必背1600单词.md"
"doubt","","怀疑","初中英语必背1600单词.md"
"down","","d. 沿着，沿…而下；向下","初中英语必背1600单词.md"
"downstairs","","d. 在楼下，到楼下","初中英语必背1600单词.md"
"dozen","","十二个；几十，许多","初中英语必背1600单词.md"
"draw","/drɔ:/","画画","四年级上册_英语词汇表.md"
"draw(drew,drawn)","","绘画","初中英语必背1600单词.md"
"drawer","","抽屉","初中英语必背1600单词.md"
"dress","/dres/","女服，连衣裙 v.穿衣","初中英语必背1600单词.md；四年级上册_英语词汇表.md"
"drink","/drɪnk/","饮料（drank,drunk) v.喝，饮","初中英语必背1600单词.md；四年级上册_英语词汇表.md"
"drive","/draɪv/","… away 把……赶走","六年级上册_英语词汇表.md；六年级下册_英语词汇表.md"
"drive(drove,driven)","","驾驶，开（车）","初中英语必背1600单词.md"
"driver","","司机，驾驶员","初中英语必背1600单词.md"
"drop","/drɒp/","滴 v.掉下，放弃","五年级上册_英语词汇表.md；五年级下册_英语词汇表.md；初中英语必背1600单词.md"
"drug","","药，毒品","初中英语必背1600单词.md"
"drum","","鼓","初中英语必背1600单词.md"
"dry","","使…干； a.干的","初中英语必背1600单词.md"
"duck","/dʌk/","鸭子","初中英语必背1600单词.md；四年级下册_英语词汇表.md"
"duckling","/ˈdʌklɪŋ/","小鸭","四年级下册_英语词汇表.md"
"dumpling","/ˈdʌmplɪŋ/","饺子","五年级下册_英语词汇表.md；初中英语必背1600单词.md"
"during","/ˈdjʊərɪŋ/","在…期间，当…的时候","六年级上册_英语词汇表.md；初中英语必背1600单词.md"
"duty","","责任，义务","初中英语必背1600单词.md"
"DVD","","数码光碟","初中英语必背1600单词.md"
"e-friend","/ˈi:frend/","网友","六年级上册_英语词汇表.md"
"each","","other 互相","五年级上册_英语词汇表.md；初中英语必背1600单词.md"
"ear","","耳朵","初中英语必背1600单词.md"
"early","/ˈɜ:li/","早的 ad.早地","五年级下册_英语词汇表.md；初中英语必背1600单词.md"
"Earth","/ɜ:θ/","地球，土，泥","六年级上册_英语词汇表.md；初中英语必背1600单词.md"
"easily","/ˈi:zəli/","d. 容易地","五年级下册_英语词汇表.md；六年级下册_英语词汇表.md；初中英语必背1600单词.md"
"east","","东方的 ad.从东方n.东","初中英语必背1600单词.md"
"easy","/ˈi:zɪ/","容易的","五年级上册_英语词汇表.md；初中英语必背1600单词.md"
"eat","/i:t/","吃","四年级上册_英语词汇表.md"
"eat(ate,eaten)","","吃","初中英语必背1600单词.md"
"edge","","边缘","初中英语必背1600单词.md"
"educate","","t. 教育，培养","初中英语必背1600单词.md"
"education","","教育，培养","初中英语必背1600单词.md"
"educator","","教育家","初中英语必背1600单词.md"
"effort","","努力，艰难的尝试","初中英语必背1600单词.md"
"eight","","um. 八","初中英语必背1600单词.md"
"eighteen","","um. 十八","初中英语必背1600单词.md"
"eighth","","um. 第八","初中英语必背1600单词.md"
"eighty","","um. 八十","初中英语必背1600单词.md"
"either","","两方任一方的 conj.二者之一，也","初中英语必背1600单词.md"
"elder","","长者","初中英语必背1600单词.md"
"electric","","电的","初中英语必背1600单词.md"
"elephant","","大象","初中英语必背1600单词.md"
"eleven","","um. 十一","初中英语必背1600单词.md"
"else","","d. 别的，其他的","初中英语必背1600单词.md"
"email","/ˈi:meɪl/","电子邮件","四年级下册_英语词汇表.md"
"emperor","/ˈempərə(r)/","皇帝","五年级下册_英语词汇表.md"
"empty","","空的","初中英语必背1600单词.md"
"encourage","","t. 鼓励","初中英语必背1600单词.md"
"end","/end/","末尾；结束 v.结束","五年级下册_英语词汇表.md；初中英语必背1600单词.md"
"enemy","","敌人","初中英语必背1600单词.md"
"energy","","精力，能量","初中英语必背1600单词.md"
"engineer","","工程师","初中英语必背1600单词.md"
"English","/ˈɪŋɡlɪʃ/","英国人的，英语的 n.英语","初中英语必背1600单词.md；四年级下册_英语词汇表.md"
"enjoy","/ɪnˈdʒɔɪ/","t. 欣赏；享受…之乐趣","五年级上册_英语词汇表.md；初中英语必背1600单词.md"
"enough","/ɪˈnʌf/","充足a.充分的 ad.足够的","五年级下册_英语词汇表.md；初中英语必背1600单词.md"
"enter","","t. 进入","初中英语必背1600单词.md"
"entertainment","","娱乐","初中英语必背1600单词.md"
"envelope","/ˈenvələʊp/","信封","六年级下册_英语词汇表.md"
"eraser","","橡皮","初中英语必背1600单词.md"
"especially","","d. 特别；尤其","初中英语必背1600单词.md"
"European","","欧洲的，欧洲人的 n.欧洲人","初中英语必背1600单词.md"
"even","/ˈi:vən/","d. 甚至，更","六年级下册_英语词汇表.md；初中英语必背1600单词.md"
"evening","/ˈi:vnɪŋ/","傍晚，晚上","初中英语必背1600单词.md；四年级下册_英语词汇表.md"
"ever","","d. 曾经","初中英语必背1600单词.md"
"every","/ˈevri/","year 每年","五年级下册_英语词汇表.md；初中英语必背1600单词.md；四年级下册_英语词汇表.md"
"everybody","","每人，人人","初中英语必背1600单词.md"
"everyday","","每日的，日常的","初中英语必背1600单词.md"
"everyone","","每人，人人","初中英语必背1600单词.md"
"everything","","每件事","初中英语必背1600单词.md"
"everywhere","","d. 到处","初中英语必背1600单词.md"
"examine","","t. 检查，诊察","初中英语必背1600单词.md"
"example","","例子，榜样","初中英语必背1600单词.md"
"excellent","","极好的，优秀的","初中英语必背1600单词.md"
"excite","","t. 使兴奋，使激动","初中英语必背1600单词.md"
"excited","/ɪkˈsaɪtɪd/","兴奋的","六年级下册_英语词汇表.md"
"excuse","","借口；辩解 vt.原谅，宽恕","初中英语必背1600单词.md"
"exercise","","锻炼，做操，练习 vt.锻炼","初中英语必背1600单词.md"
"expect","","t. 预料；盼望；认为","初中英语必背1600单词.md"
"expensive","","昂贵的","初中英语必背1600单词.md"
"experience","","经验；经历","初中英语必背1600单词.md"
"experiment","","实验make experiment","初中英语必背1600单词.md"
"explain","","t. 解释；说明","初中英语必背1600单词.md"
"express","","t.表达，表情 n.快车，特快专递","初中英语必背1600单词.md"
"eye","","眼睛","初中英语必背1600单词.md"
"face","","脸vt.面向；面对 face to sb","初中英语必背1600单词.md"
"fact","","事实，现实 in fact","初中英语必背1600单词.md"
"factory","/ˈfæktri; -təri/","工厂","六年级上册_英语词汇表.md；初中英语必背1600单词.md"
"fail","","失败，不及格，衰退","初中英语必背1600单词.md"
"fair","","公平的 fall of","初中英语必背1600单词.md"
"fairest","/ˈfeərɪst/","最美丽的","六年级上册_英语词汇表.md"
"fairy","/ˈfeəri/","仙子；小精灵","六年级下册_英语词汇表.md"
"fall","/fɔ:l/","asleep /ˌfɔ:l əˈsli:p/ 睡着","五年级上册_英语词汇表.md；六年级上册_英语词汇表.md；初中英语必背1600单词.md"
"family","/ˈfæməli/","家庭","初中英语必背1600单词.md；四年级上册_英语词汇表.md"
"famous","/ˈfeɪməs/","著名的；出名的","六年级上册_英语词汇表.md；初中英语必背1600单词.md"
"fan","/fæn/","（足球、电影等）迷；","六年级下册_英语词汇表.md；初中英语必背1600单词.md"
"fantastic","/fænˈtæstɪk/","极好的","六年级下册_英语词汇表.md"
"far","","away from … 远离……","五年级上册_英语词汇表.md；五年级下册_英语词汇表.md"
"fare","","费用","初中英语必背1600单词.md"
"farm","","农场；农庄","初中英语必背1600单词.md"
"farmer","/ˈfɑ:mə(r)/","农民","五年级上册_英语词汇表.md；初中英语必背1600单词.md"
"fast","/fɑ:st/","快地；迅速地；快的","初中英语必背1600单词.md；四年级上册_英语词汇表.md"
"fat","","脂肪 a.胖的","初中英语必背1600单词.md"
"father","","父亲","初中英语必背1600单词.md"
"favourite","/ˈfeɪvərɪt/","喜爱的n.特别喜爱的 人（或物）=favourite for","五年级上册_英语词汇表.md；初中英语必背1600单词.md"
"fear","","害怕，恐惧 = in fear of","初中英语必背1600单词.md"
"February","/ˈfebruəri/","2月 用in","初中英语必背1600单词.md；四年级下册_英语词汇表.md"
"feed(fed,fed)","","t. 喂（养）；饲（养）","初中英语必背1600单词.md"
"feel","/fi:l/","摸起来；感到","四年级下册_英语词汇表.md"
"feel(felt,felt)","","link 感觉，觉得；摸，触","初中英语必背1600单词.md"
"feeling","","感情，感觉","初中英语必背1600单词.md"
"festival","/ˈfestɪvl/","节日的，喜庆的","五年级下册_英语词汇表.md；初中英语必背1600单词.md"
"fetch","","t. （去）取（物），（带人）来","初中英语必背1600单词.md"
"fever","/ˈfi:və(r)/","发烧；发热","五年级下册_英语词汇表.md；初中英语必背1600单词.md"
"few","","少数不多的，少数的","初中英语必背1600单词.md"
"field","","田地；牧场；场地","初中英语必背1600单词.md"
"fifth","","um. 第五","初中英语必背1600单词.md"
"fifty","","um. 五十","初中英语必背1600单词.md"
"fight","","打仗（架） v.争论（fought,fought)","初中英语必背1600单词.md"
"fill","","t. 填空，装满","初中英语必背1600单词.md"
"film","/fɪlm/","电影，影片，交卷","五年级下册_英语词汇表.md；六年级下册_英语词汇表.md；初中英语必背1600单词.md"
"finally","/ˈfaɪnəli/","最后","五年级下册_英语词汇表.md"
"find","/faɪnd/","发现；找到","五年级上册_英语词汇表.md"
"find(found,found)","","t. 找到，发现，感到","初中英语必背1600单词.md"
"fine","","晴朗的； 美好的；（身体）健康的","初中英语必背1600单词.md"
"finger","/ˈfɪŋɡə(r)/","手指","六年级上册_英语词汇表.md；初中英语必背1600单词.md"
"finish","","结束，做完","初中英语必背1600单词.md"
"Firday","","星期五","初中英语必背1600单词.md"
"fire","/ˈfaɪə(r)/","火，火炉，火灾","五年级上册_英语词汇表.md；初中英语必背1600单词.md；四年级上册_英语词汇表.md"
"fireman","/ˈfaɪəmən/","消防员","四年级上册_英语词汇表.md"
"first","/fɜ:st/","um.a.&ad. 第一，首次，最初n.开始","初中英语必背1600单词.md；四年级上册_英语词汇表.md"
"fish","/fɪʃ/","and chips /tʃɪps/ 炸鱼薯条","六年级上册_英语词汇表.md；初中英语必背1600单词.md；四年级上册_英语词汇表.md"
"fisherman","","渔民","初中英语必背1600单词.md"
"fit","/fɪt/","健康的，合适的 v.（使）适合，安装","六年级下册_英语词汇表.md；初中英语必背1600单词.md"
"five","","um. 五","初中英语必背1600单词.md"
"fix","","t. 修理，安装","初中英语必背1600单词.md"
"flag","","旗，标志","初中英语必背1600单词.md"
"flat","","平的n.楼中一套房间；公寓（常用复数）","初中英语必背1600单词.md"
"floor","/flɔ:(r)/","地面，地板；（楼房的）层","初中英语必背1600单词.md；四年级上册_英语词汇表.md"
"flower","","shop 花店","五年级上册_英语词汇表.md；初中英语必背1600单词.md"
"flu","","流行性感冒","初中英语必背1600单词.md"
"fly","/flaɪ/","飞；放飞","六年级上册_英语词汇表.md；四年级上册_英语词汇表.md"
"fly(flew,flown)","","i. 飞，放","初中英语必背1600单词.md"
"follow","/ˈfɒləʊ/","t. 跟随，效仿，跟得上","六年级下册_英语词汇表.md；初中英语必背1600单词.md"
"food","/fu:d/","食物，食品","初中英语必背1600单词.md；四年级上册_英语词汇表.md"
"football","/ˈfʊtbɔ:l/","（英式)足球，（美式）橄榄球","初中英语必背1600单词.md；四年级下册_英语词汇表.md"
"for","","为了，适合 conj.因为，由于","初中英语必背1600单词.md"
"force","","t. 强迫，迫使","初中英语必背1600单词.md"
"foreign","","外国的","初中英语必背1600单词.md"
"foreigner","","外国人","初中英语必背1600单词.md"
"forest","/ˈfɒrɪst/","森林 forever ad.永远；永恒的","六年级上册_英语词汇表.md；初中英语必背1600单词.md；四年级上册_英语词汇表.md"
"forever","/fərˈevə(r)/","永远","六年级下册_英语词汇表.md"
"forget(forgot,forgotten)","","忘记，忘掉","初中英语必背1600单词.md"
"fork","","叉，餐叉","初中英语必背1600单词.md"
"form","","表格，形式，结构","初中英语必背1600单词.md"
"forty","","um. 四十","初中英语必背1600单词.md"
"forward","","d. 将来，今后，向前，前进","初中英语必背1600单词.md"
"four","","um. 四","初中英语必背1600单词.md"
"fourteen","","um. 十四","初中英语必背1600单词.md"
"fourth","","um. 第四","初中英语必背1600单词.md"
"fox","/fɒks/","狐狸","初中英语必背1600单词.md；四年级下册_英语词汇表.md"
"free","","自由的，空闲的，免费的","初中英语必背1600单词.md"
"freeze(froze,frozen)","","i. 结冰","初中英语必背1600单词.md"
"fresh","/freʃ/","清新的","六年级上册_英语词汇表.md；初中英语必背1600单词.md"
"Friday","/ˈfraɪdeɪ; -di/","星期五","四年级下册_英语词汇表.md"
"friend","","朋友","初中英语必背1600单词.md"
"friendly","","友好的","初中英语必背1600单词.md"
"friendship","","友谊，友情","初中英语必背1600单词.md"
"frog","","青蛙","初中英语必背1600单词.md"
"from","/frɒm/","… to … 从……到……","初中英语必背1600单词.md；四年级下册_英语词汇表.md"
"front","","前面的 n.前面，前部，前线","初中英语必背1600单词.md"
"fruit","/fru:t/","水果，果实","六年级上册_英语词汇表.md；初中英语必背1600单词.md"
"full","/fʊl/","满的，充满的，完全的","初中英语必背1600单词.md；四年级上册_英语词汇表.md"
"fun","","有趣的事，娱乐，玩笑","初中英语必背1600单词.md"
"funny","/ˈfʌni/","有趣的，滑稽可笑的","五年级上册_英语词汇表.md；初中英语必背1600单词.md"
"furniture","","（总称）家具","初中英语必背1600单词.md"
"future","/ˈfju:tʃə(r)/","将来；未来","五年级上册_英语词汇表.md；初中英语必背1600单词.md"
"game","/ɡeɪm/","游戏，运动，比赛","初中英语必背1600单词.md；四年级下册_英语词汇表.md"
"garden","/ˈɡɑ:dn/","花园，果园，菜园","初中英语必背1600单词.md；四年级下册_英语词汇表.md"
"gate","","大门","初中英语必背1600单词.md"
"gatekeeper","/ˈɡeɪtki:pə(r)/","门卫","六年级下册_英语词汇表.md"
"general","","大体的，笼统的，总的","初中英语必背1600单词.md"
"gentleman","","绅士，先生，有教养的人","初中英语必背1600单词.md"
"gently","/ˈdʒentli/","和缓地；温柔地","五年级上册_英语词汇表.md"
"geography","","地理学","初中英语必背1600单词.md"
"gesture","","姿势，手势","初中英语必背1600单词.md"
"get","/ɡet/","lost /ɡet lɒst/ 迷路","五年级上册_英语词汇表.md；五年级下册_英语词汇表.md；六年级下册_英语词汇表.md；四年级上册_英语词汇表.md；四年级下册_英语词汇表.md"
"get(got,got)","","t. 成为，得到，到达","初中英语必背1600单词.md"
"giant","/ˈdʒaɪənt/","巨人","五年级下册_英语词汇表.md"
"gift","","赠品，礼物","初中英语必背1600单词.md"
"giraffe","","长颈鹿","初中英语必背1600单词.md"
"girl","","女孩","初中英语必背1600单词.md"
"give","/ɡɪv/","给","四年级上册_英语词汇表.md"
"give(gave,given)","","t. 给，递给，给予","初中英语必背1600单词.md"
"glad","","高兴的，乐意的","初中英语必背1600单词.md"
"glass","/ɡlɑ:s/","玻璃杯，玻璃，（负）眼镜","六年级上册_英语词汇表.md；初中英语必背1600单词.md"
"glasses","/ɡlɑ:sɪz/","眼镜","四年级上册_英语词汇表.md"
"glove","","手套","初中英语必背1600单词.md"
"glue","/ɡlu:/","胶水","六年级下册_英语词汇表.md"
"go","","fishing /ɡəʊ ˈfɪʃɪŋ/ 去钓鱼","五年级上册_英语词汇表.md；五年级下册_英语词汇表.md；六年级上册_英语词汇表.md；六年级下册_英语词汇表.md；四年级下册_英语词汇表.md"
"go(went,gone)","","i. 去，走","初中英语必背1600单词.md"
"goat","","山羊","初中英语必背1600单词.md"
"gold","/ɡəʊld/","黄金 a.金的，黄金的","初中英语必背1600单词.md；四年级下册_英语词汇表.md"
"golden","","金（黄）色的","初中英语必背1600单词.md"
"goodbye(bye-bye)","","int. 再见","初中英语必背1600单词.md"
"government","","政府","初中英语必背1600单词.md"
"grade","/ɡreɪd/","等级； （中小学的）学年；成绩，分数","六年级上册_英语词汇表.md；初中英语必背1600单词.md"
"grammar","","语法","初中英语必背1600单词.md"
"grand","","宏伟的","初中英语必背1600单词.md"
"grandchild","","（外）孙或孙女，孙辈","初中英语必背1600单词.md"
"granddaughter","","（外）孙女","初中英语必背1600单词.md"
"grandma","","/ˈɡræn(d)mɑ:/)（外）祖母； name /neɪm/ 名字","四年级上册_英语词汇表.md"
"grandparent","/ˈɡræn(d)peərənt/","need /ni:d/ 需要","四年级上册_英语词汇表.md"
"grandson","","（外）孙子","初中英语必背1600单词.md"
"grape","/ɡreɪp/","葡萄","初中英语必背1600单词.md；四年级下册_英语词汇表.md"
"grasp","","抓住，紧握","初中英语必背1600单词.md"
"grass","","草，草场，牧草","初中英语必背1600单词.md"
"great","","伟大的，重要的，好极了","初中英语必背1600单词.md"
"green","","绿色的，青的 n.绿色","初中英语必背1600单词.md"
"greeting","","祝贺","初中英语必背1600单词.md"
"ground","/ɡraʊnd/","地面","五年级上册_英语词汇表.md；初中英语必背1600单词.md"
"group","","组，群","初中英语必背1600单词.md"
"grow","/ɡrəʊ/","crops /krɒps/ 种庄稼","五年级上册_英语词汇表.md；六年级上册_英语词汇表.md；四年级下册_英语词汇表.md"
"grow(grew,grown)","","生长，发育，种植，变成","初中英语必背1600单词.md"
"guandparents","","祖父母，外祖父母","初中英语必背1600单词.md"
"guanny","","老奶奶，祖母，外婆","初中英语必背1600单词.md"
"guared","","防护装置，警戒","初中英语必背1600单词.md"
"guess","","i. 猜","初中英语必背1600单词.md"
"guest","","客人，宾客","初中英语必背1600单词.md"
"guitar","/ɡɪˈtɑ:(r)/","吉他，六弦琴","初中英语必背1600单词.md；四年级下册_英语词汇表.md"
"gun","","枪，炮","初中英语必背1600单词.md"
"habit","","习惯，习性","初中英语必背1600单词.md"
"hair","","头发","初中英语必背1600单词.md"
"half","/hɑ:f/","past … ……点半","初中英语必背1600单词.md；四年级下册_英语词汇表.md"
"hall","/hɔ:l/","大厅，会堂，礼堂，过道","五年级下册_英语词汇表.md；初中英语必背1600单词.md"
"ham","","火腿","初中英语必背1600单词.md"
"hamburger","/ˈhæmbɜ:ɡə(r)/","汉堡包","六年级上册_英语词汇表.md；初中英语必背1600单词.md"
"hand","","手","初中英语必背1600单词.md"
"handbag","","女用皮包，手提包","初中英语必背1600单词.md"
"handsome","/ˈhænsəm/","model car 汽车模型","六年级上册_英语词汇表.md；初中英语必背1600单词.md"
"handwriting","","书法","初中英语必背1600单词.md"
"hang(hanged,hanged)","","绞刑，上吊","初中英语必背1600单词.md"
"happen","","i. 发生","初中英语必背1600单词.md"
"happily","/ˈhæpɪli/","快乐地","五年级上册_英语词汇表.md"
"happy","/ˈhæpi/","幸福的，快乐的，高兴的","初中英语必背1600单词.md；四年级上册_英语词汇表.md"
"hard","/hɑ:d/","d.努力的 a.硬的，困难的，艰难的","五年级下册_英语词汇表.md；初中英语必背1600单词.md；四年级下册_英语词汇表.md"
"hardly","","d. 几乎不","初中英语必背1600单词.md"
"has","","动词have的第三人称单数现在式","初中英语必背1600单词.md"
"hat","/hæt/","帽子（一般不指有边的）；礼帽","五年级上册_英语词汇表.md；初中英语必背1600单词.md；四年级下册_英语词汇表.md"
"hate","/heɪt/","t.&n. 恨，讨厌","五年级上册_英语词汇表.md；初中英语必背1600单词.md"
"have","","a picnic /ˈpɪknɪk/ 去野餐","五年级上册_英语词汇表.md；五年级下册_英语词汇表.md；六年级上册_英语词汇表.md；六年级下册_英语词汇表.md；四年级下册_英语词汇表.md"
"have(has,had,had)","","t. 有，吃，喝，进行","初中英语必背1600单词.md"
"he","","他","初中英语必背1600单词.md"
"head","","teacher 校长","六年级下册_英语词汇表.md；初中英语必背1600单词.md"
"headache","/ˈhedeɪk/","头痛","五年级下册_英语词汇表.md；初中英语必背1600单词.md"
"health","","健康，卫生","初中英语必背1600单词.md"
"healthy","/ˈhelθi/","健康的，健壮的","六年级上册_英语词汇表.md；初中英语必背1600单词.md"
"hear(heard,heard)","","听见，听说","初中英语必背1600单词.md"
"heart","","心，心脏","初中英语必背1600单词.md"
"heat","/hi:t/","炎热，热度，体温","五年级上册_英语词汇表.md；初中英语必背1600单词.md"
"heaven","","天空","初中英语必背1600单词.md"
"heavy","/ˈhevi/","重的；沉的","五年级上册_英语词汇表.md；初中英语必背1600单词.md"
"height","","高，高度","初中英语必背1600单词.md"
"hello(hi)","","int. 喂，你好","初中英语必背1600单词.md"
"help","/help/","int. 帮助，帮忙","初中英语必背1600单词.md；四年级上册_英语词汇表.md"
"helpful","","有帮助的，有益的","初中英语必背1600单词.md"
"hen","","母鸡","初中英语必背1600单词.md"
"her","/hɜ:(r); hə(r)/","她（宾格），她的","初中英语必背1600单词.md；四年级上册_英语词汇表.md"
"here","","d. 这里，在这里","初中英语必背1600单词.md"
"hero","","英雄，勇士，男主角","初中英语必背1600单词.md"
"hers","/hɜ:z/","她的（名词性物主代词）","五年级下册_英语词汇表.md；初中英语必背1600单词.md"
"herself","","她自己","初中英语必背1600单词.md"
"hide(hid,hidden)","","把…藏起来","初中英语必背1600单词.md"
"high","/haɪ/","jump /haɪ dʒʌmp/ 跳高","六年级下册_英语词汇表.md；初中英语必背1600单词.md；四年级下册_英语词汇表.md"
"hill","/hɪl/","小山，丘陵，土堆，斜坡","五年级上册_英语词汇表.md；初中英语必背1600单词.md"
"him","/hɪm/","他（宾格）","初中英语必背1600单词.md；四年级下册_英语词汇表.md"
"himself","/hɪmˈself/","他自己","六年级下册_英语词汇表.md；初中英语必背1600单词.md"
"his","/hɪz/","他的","初中英语必背1600单词.md；四年级上册_英语词汇表.md"
"history","","历史","初中英语必背1600单词.md"
"hit","/hɪt/","碰撞；撞击","六年级下册_英语词汇表.md"
"hit(hit,hit)","","t. 打，撞，击中","初中英语必背1600单词.md"
"hobby","/ˈhɒbi/","业余爱好，嗜好","六年级上册_英语词汇表.md；初中英语必背1600单词.md"
"hold(held,held)","","t. 拿，握住，举行，进行","初中英语必背1600单词.md"
"hole","/həʊl/","洞，坑","五年级上册_英语词汇表.md；初中英语必背1600单词.md"
"holiday","/ˈhɒlədeɪ/","假日；假期","五年级下册_英语词汇表.md；初中英语必背1600单词.md"
"home","/həʊm/","家 ad.到家，回家","初中英语必背1600单词.md；四年级上册_英语词汇表.md"
"hometown","","故乡","初中英语必背1600单词.md"
"homework","","家庭作业","初中英语必背1600单词.md"
"honest","","诚实的，正直的","初中英语必背1600单词.md"
"hope","","希望","初中英语必背1600单词.md"
"horse","","马","初中英语必背1600单词.md"
"hospital","/ˈhɒspɪtl/","医院","五年级上册_英语词汇表.md；初中英语必背1600单词.md"
"hot","","热的","初中英语必背1600单词.md"
"hotdog","","热狗","初中英语必背1600单词.md"
"hotel","/həʊˈtel/","旅馆，饭店，宾馆","五年级下册_英语词汇表.md；初中英语必背1600单词.md"
"hour","/ˈaʊə(r)/","小时","五年级上册_英语词汇表.md；初中英语必背1600单词.md"
"house","","房子，住宅","初中英语必背1600单词.md"
"housework","","家务劳动","初中英语必背1600单词.md"
"how","","d. 怎样，如何，多少，多么","五年级下册_英语词汇表.md；初中英语必背1600单词.md"
"however","","d.可是 conj.然而","初中英语必背1600单词.md"
"huge","","巨大的，庞大的","初中英语必背1600单词.md"
"human","","人 a.人的，人类的","初中英语必背1600单词.md"
"humorous","","富于幽默的","初中英语必背1600单词.md"
"hundred","/ˈhʌndrəd/","um. 百","六年级上册_英语词汇表.md；初中英语必背1600单词.md"
"hungry","/ˈhʌŋɡri/","（饥）饿的","初中英语必背1600单词.md；四年级上册_英语词汇表.md"
"hurt","/hɜ:t/","（使）受伤","五年级上册_英语词汇表.md；六年级上册_英语词汇表.md"
"hurt(hurt,hurt)","","t. 伤害，受伤","初中英语必背1600单词.md"
"husband","","丈夫","初中英语必背1600单词.md"
"ice","","冰","初中英语必背1600单词.md"
"ice-cream","","冰激凌","初中英语必背1600单词.md"
"idea","","主意，意见，打算，想法","初中英语必背1600单词.md"
"if","","如果，假使，是否，是不是","初中英语必背1600单词.md"
"ill","/ɪl/","有病的，不健康的","五年级下册_英语词汇表.md；初中英语必背1600单词.md"
"illness","","疾病","初中英语必背1600单词.md"
"imagine","","t. 想象，设想","初中英语必背1600单词.md"
"immediately","","d. 立即","初中英语必背1600单词.md"
"important","/ɪmˈpɔ:tnt/","重要的","五年级下册_英语词汇表.md；初中英语必背1600单词.md"
"impossible","","不可能的","初中英语必背1600单词.md"
"improve","","t. 改进；更新","初中英语必背1600单词.md"
"in","/ɪn/","danger /ˈdeɪndZə(r)/ 面临危险","五年级下册_英语词汇表.md；六年级上册_英语词汇表.md；六年级下册_英语词汇表.md；初中英语必背1600单词.md；四年级上册_英语词汇表.md"
"inch","","英寸","初中英语必背1600单词.md"
"include","","t. 包含，包括","初中英语必背1600单词.md"
"increase","","增加，繁殖","初中英语必背1600单词.md"
"India","","印度","初中英语必背1600单词.md"
"Indian","","（美洲）印第安人的，印度人的","初中英语必背1600单词.md"
"influence","","影响","初中英语必背1600单词.md"
"information","","信息","初中英语必背1600单词.md"
"ink","/ɪŋk/","墨水；墨汁","六年级下册_英语词汇表.md；初中英语必背1600单词.md"
"insect","/ˈɪnsekt/","museum 昆虫博物馆","六年级上册_英语词汇表.md"
"inside","/ˌɪnˈsaɪd/","在…里面 ad.在里面","五年级上册_英语词汇表.md；初中英语必背1600单词.md"
"insist","","i. 坚持，坚决认为","初中英语必背1600单词.md"
"instead","","d. 代替，顶替","初中英语必背1600单词.md"
"instruction","","说明，须知，教导","初中英语必背1600单词.md"
"intention","","企图","初中英语必背1600单词.md"
"interest","","兴趣，趣味，利息","初中英语必背1600单词.md"
"interesting","/ˈɪntrəstɪŋ; -trest-/","often /ˈɒfn; ˈɒftən/ 经常","五年级上册_英语词汇表.md；初中英语必背1600单词.md"
"intermational","","国际的","初中英语必背1600单词.md"
"internet","","互联网，因特网","初中英语必背1600单词.md"
"interview","","t. 采访，会见，面试","初中英语必背1600单词.md"
"into","/ˈɪntə/","到…里，向内，变成","初中英语必背1600单词.md；四年级下册_英语词汇表.md"
"introduce","","t. 介绍","初中英语必背1600单词.md"
"introduction","","引进，介绍","初中英语必背1600单词.md"
"invent","/ɪnˈvent/","t. 发明，创造","五年级下册_英语词汇表.md；初中英语必背1600单词.md"
"invention","/ɪnˈvenʃn/","发明；创造","五年级下册_英语词汇表.md"
"invertion","","发明，创造","初中英语必背1600单词.md"
"invite","","t. 邀请，招待","初中英语必背1600单词.md"
"iron","","铁，熨斗 vt.熨烫","初中英语必背1600单词.md"
"island","/ˈaɪlənd/","岛","五年级下册_英语词汇表.md；初中英语必背1600单词.md"
"it","","它","初中英语必背1600单词.md"
"its","","它的","初中英语必背1600单词.md"
"itself","","它自己","初中英语必背1600单词.md"
"jacket","","短上衣，夹克衫","初中英语必背1600单词.md"
"January","/ˈdZænjuəri/","1月","初中英语必背1600单词.md；四年级下册_英语词汇表.md"
"Japan","","日本","初中英语必背1600单词.md"
"Japanese","","日本（人）的 n.日本人， 日语","初中英语必背1600单词.md"
"jeans","","牛仔裤","初中英语必背1600单词.md"
"job","/dʒɒb/","工作；职业","五年级上册_英语词汇表.md；初中英语必背1600单词.md；四年级上册_英语词汇表.md"
"join","/dZɔɪn/","参加，连接","初中英语必背1600单词.md；四年级下册_英语词汇表.md"
"joke","","小花","初中英语必背1600单词.md"
"journey","/ˈdʒɜ:ni/","旅程；旅行","五年级上册_英语词汇表.md"
"joy","","欢乐，高兴，乐趣","初中英语必背1600单词.md"
"juice","","汁，液","初中英语必背1600单词.md"
"July","/dZuˈlaɪ/","7月","初中英语必背1600单词.md；四年级下册_英语词汇表.md"
"jump","/dZʌmp/","跳跃，惊起，猛扑","初中英语必背1600单词.md；四年级上册_英语词汇表.md"
"June","/dZu:n/","6月","初中英语必背1600单词.md；四年级下册_英语词汇表.md"
"just","","d.刚才，恰好，不过 ，仅a.公正的","初中英语必背1600单词.md"
"keep","/ki:p/","… alive 让……活着","五年级下册_英语词汇表.md；六年级上册_英语词汇表.md"
"keep(kept,kept)","","保持，保存，继续不断","初中英语必背1600单词.md"
"key","/ki:/","钥匙，答案，键，关键","五年级上册_英语词汇表.md；初中英语必背1600单词.md"
"keyboard","","键盘","初中英语必背1600单词.md"
"kick","","踢","初中英语必背1600单词.md"
"kid","/kɪd/","小孩","初中英语必背1600单词.md；四年级上册_英语词汇表.md"
"kill","/kɪl/","杀死，弄死","六年级上册_英语词汇表.md；初中英语必背1600单词.md"
"kilometer","","千米，公里","初中英语必背1600单词.md"
"kind","/kaɪnd/","种，类 a.善良的，友好的","五年级下册_英语词汇表.md；六年级上册_英语词汇表.md；初中英语必背1600单词.md"
"king","","国王","初中英语必背1600单词.md"
"kiss","","t. 亲吻","初中英语必背1600单词.md"
"kitchen","/ˈkɪtʃɪn/","厨房","五年级上册_英语词汇表.md；初中英语必背1600单词.md；四年级上册_英语词汇表.md"
"kite","","风筝","初中英语必背1600单词.md"
"knee","","膝盖","初中英语必背1600单词.md"
"knock","","down 推倒；拆掉","五年级下册_英语词汇表.md；初中英语必背1600单词.md"
"know","/nəʊ/","知道","五年级上册_英语词汇表.md"
"know(knew,known)","","知道，了解，认识，懂得","初中英语必背1600单词.md"
"knowledge","","知识，学问","初中英语必背1600单词.md"
"lady","","女士，夫人","初中英语必背1600单词.md"
"laguage","","语言","初中英语必背1600单词.md"
"lake","/leɪk/","湖","五年级上册_英语词汇表.md；初中英语必背1600单词.md"
"lamb","","跛的，瘸的，残废的","初中英语必背1600单词.md"
"lamp","","灯，油灯，光源","初中英语必背1600单词.md"
"land","/lænd/","陆地，土地 v.登岸（陆），降落","六年级上册_英语词汇表.md；初中英语必背1600单词.md"
"large","","大的，巨大的","初中英语必背1600单词.md"
"last","/lɑ:st/","末尾的，最后的 v.持续","五年级下册_英语词汇表.md；初中英语必背1600单词.md"
"late","","晚的，迟的 ad.晚地，迟地","初中英语必背1600单词.md"
"later","/ˈleɪtə(r)/","后来；以后","四年级下册_英语词汇表.md"
"laugh","/lɑ:f/","at /lɑ:f æt/ 嘲笑","五年级下册_英语词汇表.md；六年级下册_英语词汇表.md；初中英语必背1600单词.md"
"law","","法律，法令，定律","初中英语必背1600单词.md"
"lay(laid,laid)","","t. 放，搁","初中英语必背1600单词.md"
"lazy","/ˈleɪzi/","懒惰的","六年级下册_英语词汇表.md；初中英语必背1600单词.md"
"lead(led,led)","","领导，带领","初中英语必背1600单词.md"
"leader","","领袖，领导人","初中英语必背1600单词.md"
"leaf","/li:f/","叶子（复数leaves）","四年级下册_英语词汇表.md"
"learn","/lɜ:n/","学会；学习","六年级上册_英语词汇表.md"
"learn(learnt,learnt;ed,ed)","","t. 学习，学会","初中英语必背1600单词.md"
"least","","最少，最少量","初中英语必背1600单词.md"
"leave(left,left)","","离开，把…留下，剩下","初中英语必背1600单词.md"
"left","/left/","左边的ad.向左 n.左，左边","五年级上册_英语词汇表.md；初中英语必背1600单词.md"
"leg","","腿，腿脚，支柱","初中英语必背1600单词.md"
"lemonade","","柠檬水","初中英语必背1600单词.md"
"lend(lent,lent)","","t. 借（出），把…借给","初中英语必背1600单词.md"
"lesson","/ˈlesn/","课，功课，教训","初中英语必背1600单词.md；四年级下册_英语词汇表.md"
"let","/let/","让","五年级下册_英语词汇表.md"
"let(let,let)","","t. 让","初中英语必背1600单词.md"
"letter","/ˈletə(r)/","信，字母","五年级上册_英语词汇表.md；初中英语必背1600单词.md"
"level","","水平线，水平","初中英语必背1600单词.md"
"library","/ˈlaɪbrəri/","图书馆；图书室","初中英语必背1600单词.md；四年级上册_英语词汇表.md"
"license","","执照，许可证","初中英语必背1600单词.md"
"lie(lay,lain)","","i. 谎言，说谎，躺，卧，平放","初中英语必背1600单词.md"
"life","/laɪf/","生活","五年级上册_英语词汇表.md；六年级下册_英语词汇表.md"
"lifeguard","/ˈlaɪfɡɑ:d/","救生员","五年级上册_英语词汇表.md"
"lift","","举起，拾起","初中英语必背1600单词.md"
"light","/laɪt/","光，灯光 a.明亮的，轻的，浅色的","五年级上册_英语词汇表.md；初中英语必背1600单词.md"
"like","","像，跟…一样 vt.喜欢，喜爱","初中英语必背1600单词.md"
"line","","绳索，线，排，行，线路","初中英语必背1600单词.md"
"lion","","狮子","初中英语必背1600单词.md"
"list","","一览表，清单","初中英语必背1600单词.md"
"listen","","i. 听，仔细听","初中英语必背1600单词.md"
"litter","","乱扔杂物 n.垃圾","初中英语必背1600单词.md"
"live","/lɪv/","i. 生活，居住","初中英语必背1600单词.md；四年级上册_英语词汇表.md"
"lively","","活泼的，充满朝气的","初中英语必背1600单词.md"
"living","","room 客厅","五年级上册_英语词汇表.md"
"lock","","锁，锁住，锁上","初中英语必背1600单词.md"
"London","","伦敦","初中英语必背1600单词.md"
"lonely","","孤独的，寂寞的","初中英语必背1600单词.md"
"long","","jump /lɒŋ dʒʌmp/ 跳远","六年级下册_英语词汇表.md；初中英语必背1600单词.md"
"look","","看，瞧v.看，观看 v.link看起来","六年级上册_英语词汇表.md；六年级下册_英语词汇表.md；初中英语必背1600单词.md"
"lose(lost,lost)","","t. 失去，丢失","初中英语必背1600单词.md"
"lost","/lɒst/","迷路的；迷失的","六年级下册_英语词汇表.md"
"lot","","许多，好些","初中英语必背1600单词.md"
"loud","","大声的","初中英语必背1600单词.md"
"love","","t. 爱，热爱，很喜欢","初中英语必背1600单词.md"
"lovely","","美好的，可爱的","初中英语必背1600单词.md"
"low","","d. 低，矮","初中英语必背1600单词.md"
"luck","","运气，好运","初中英语必背1600单词.md"
"lucky","","运气好，侥幸","初中英语必背1600单词.md"
"lunch","/lʌntʃ/","午餐，午饭","初中英语必背1600单词.md；四年级上册_英语词汇表.md"
"machine","/məˈʃi:n/","机器","五年级下册_英语词汇表.md；初中英语必背1600单词.md"
"mad","","发疯的，生气的","初中英语必背1600单词.md"
"magazine","/ˌmæɡəˈzi:n/","杂志","五年级下册_英语词汇表.md；初中英语必背1600单词.md"
"magic","/ˈmædʒɪk/","神奇的；有魔力的","初中英语必背1600单词.md；四年级上册_英语词汇表.md"
"mail","","邮政，邮递","初中英语必背1600单词.md"
"main","","主意的","初中英语必背1600单词.md"
"make","","phone calls 打电话","五年级上册_英语词汇表.md；六年级上册_英语词汇表.md"
"make(made,made)","","t. 制造，做，使得","初中英语必背1600单词.md"
"manage","","管理，设法对付","初中英语必背1600单词.md"
"manager","","经理","初中英语必背1600单词.md"
"many","/ˈmeni/","kinds of 各种各样的","六年级上册_英语词汇表.md；四年级上册_英语词汇表.md"
"many(more,most)","","许多人（或物）a.许多的","初中英语必背1600单词.md"
"map","/mæp/","地图","五年级上册_英语词汇表.md；初中英语必背1600单词.md"
"March","/mɑ:tʃ/","3月","初中英语必背1600单词.md；四年级下册_英语词汇表.md"
"mark","","标记， vt.标明，做记号于","初中英语必背1600单词.md"
"market","","市场，集市","初中英语必背1600单词.md"
"marriage","","结婚，婚姻","初中英语必背1600单词.md"
"marry","","（使）成婚，结婚","初中英语必背1600单词.md"
"master","","t. 精通，掌握","初中英语必背1600单词.md"
"match","/mætʃ/","t.使相配，使成对 n.比赛，竞赛","五年级上册_英语词汇表.md；六年级上册_英语词汇表.md；初中英语必背1600单词.md"
"Maths","/mæθs/","（学科）数学","四年级下册_英语词汇表.md"
"may","/meɪ/","modal v. 可以，也许，可能","六年级下册_英语词汇表.md；初中英语必背1600单词.md；四年级下册_英语词汇表.md"
"maybe","","d. 可能，大概，也许","初中英语必背1600单词.md"
"me","","我（宾格）","初中英语必背1600单词.md"
"meal","","一餐（饭）","初中英语必背1600单词.md"
"mean(meant,meant)","","t. 意思是，意指","初中英语必背1600单词.md"
"meaning","","意思，含义","初中英语必背1600单词.md"
"meat","/mi:t/","肉","初中英语必背1600单词.md；四年级上册_英语词汇表.md"
"medical","","医学的，医疗的","初中英语必背1600单词.md"
"medicine","/ˈmedsn/","药","五年级下册_英语词汇表.md；初中英语必背1600单词.md"
"meet","/mi:t/","迎接；会见","五年级下册_英语词汇表.md；四年级上册_英语词汇表.md"
"meet(met,met)","","t.遇见 n.会，集会","初中英语必背1600单词.md"
"meeting","","会，集会，会见，汇合点","初中英语必背1600单词.md"
"member","","成员，会员","初中英语必背1600单词.md"
"memory","","回忆，记忆","初中英语必背1600单词.md"
"mend","","修理，修补","初中英语必背1600单词.md"
"mention","","提及，记载 vt.提到","初中英语必背1600单词.md"
"menu","","菜单","初中英语必背1600单词.md"
"mess","/mes/","脏乱；不整洁","五年级下册_英语词汇表.md"
"message","","消息，音信","初中英语必背1600单词.md"
"metal","","金属 a.金属制成的","初中英语必背1600单词.md"
"method","","方法，办法","初中英语必背1600单词.md"
"middle","/ˈmɪdl/","中间，当中，中级的","六年级下册_英语词汇表.md；初中英语必背1600单词.md"
"might","","modalv may的过去式","初中英语必背1600单词.md"
"mile","","英里","初中英语必背1600单词.md"
"milk","","牛奶 vt.挤奶","初中英语必背1600单词.md"
"mind","","思想，想法，关心","初中英语必背1600单词.md"
"mine","/maɪn/","我的（名词性物主代词）","五年级下册_英语词汇表.md；初中英语必背1600单词.md"
"minute","/ˈmɪnɪt/","一会儿；分钟","初中英语必背1600单词.md；四年级下册_英语词汇表.md"
"mirror","/ˈmɪrə(r)/","镜子","六年级上册_英语词汇表.md；初中英语必背1600单词.md"
"miss","/mɪs/","t. 失去，错过","六年级上册_英语词汇表.md；初中英语必背1600单词.md"
"mistake(mistook,mistaken)","","错误 n.弄错","初中英语必背1600单词.md"
"model","","模型，原型，范例，模范","五年级上册_英语词汇表.md；初中英语必背1600单词.md"
"modren","","现代的","初中英语必背1600单词.md"
"moment","/ˈməʊmənt/","时光；时刻","六年级下册_英语词汇表.md；初中英语必背1600单词.md"
"Monday","/ˈmʌndeɪ; -di/","星期一","初中英语必背1600单词.md；四年级下册_英语词汇表.md"
"money","/ˈmʌni/","钱，货币","五年级下册_英语词汇表.md；初中英语必背1600单词.md"
"monitor","","班长","初中英语必背1600单词.md"
"monkey","","猴子","初中英语必背1600单词.md"
"monster","/ˈmɒnstə(r)/","怪物","五年级下册_英语词汇表.md"
"month","/mʌnθ/","一个月的时间；月份","六年级上册_英语词汇表.md；初中英语必背1600单词.md"
"moon","/mu:n/","月球，月光，月状物","初中英语必背1600单词.md；四年级下册_英语词汇表.md"
"mooncake","/ˈmu:nkeɪk/","月饼","五年级下册_英语词汇表.md"
"more","/mɔ:(r)/","更 n.另外的一些","五年级下册_英语词汇表.md；初中英语必背1600单词.md"
"morning","/ˈmɔ:nɪŋ/","早晨，上午","初中英语必背1600单词.md；四年级上册_英语词汇表.md"
"most","/məʊst/","d. 最多，大部的，最","六年级上册_英语词汇表.md；初中英语必背1600单词.md"
"mother","","母亲","初中英语必背1600单词.md"
"motorcyle","","摩托车","初中英语必背1600单词.md"
"mountain","/ˈmaʊntən/","山；山脉","五年级上册_英语词汇表.md；六年级下册_英语词汇表.md；初中英语必背1600单词.md"
"mouth","","嘴，口","初中英语必背1600单词.md"
"move","","移动，搬动，搬家","初中英语必背1600单词.md"
"movie","",", （口语）电影","初中英语必背1600单词.md"
"Mr.(mister)","","先生（用于姓名前）","初中英语必背1600单词.md"
"Mrs.(mistress)","","夫人，太太，女士","初中英语必背1600单词.md"
"Ms","/mɪz; məz/","女士","五年级上册_英语词汇表.md"
"much(more,most)","","许多的，大量的","初中英语必背1600单词.md"
"murder","","t. 谋杀","初中英语必背1600单词.md"
"museum","/mjuˈzi:əm/","博物馆，博物院","初中英语必背1600单词.md；四年级下册_英语词汇表.md"
"music","/ˈmju:zɪk/","（学科）音乐","初中英语必背1600单词.md；四年级下册_英语词汇表.md"
"must","/məst; -ʌ-/","modal v. 必须，应当","五年级上册_英语词汇表.md；初中英语必背1600单词.md"
"my","","我的","初中英语必背1600单词.md"
"myself","/maɪˈself/","我自己","五年级下册_英语词汇表.md；初中英语必背1600单词.md"
"n","","颐和园 1478 come// along// phr. 来,随同","初中英语单词表2182个(带音标).md"
"nail","/neɪl/","钉子","五年级下册_英语词汇表.md"
"name","","名字，姓名","初中英语必背1600单词.md"
"national","","国家的，全国性的，民族的","初中英语必背1600单词.md"
"natural","","自然的","初中英语必背1600单词.md"
"nature","","自然，性质，种类","初中英语必背1600单词.md"
"near","/nɪə(r)/","近的 prep.在…附近，靠近","初中英语必背1600单词.md；四年级上册_英语词汇表.md"
"nearly","","d. 将近，几乎","初中英语必背1600单词.md"
"necessary","","必须的，必要的","初中英语必背1600单词.md"
"neck","/nek/","颈，脖子","六年级下册_英语词汇表.md；初中英语必背1600单词.md"
"need","","需要，要求","初中英语必背1600单词.md"
"neighbour","/ˈneɪbə(r)/","邻居","六年级上册_英语词汇表.md"
"neither","","（两者）都不，也不","初中英语必背1600单词.md"
"nervous","","紧张不安的","初中英语必背1600单词.md"
"never","/ˈnevə(r)/","d. 决不，从来没有","五年级上册_英语词汇表.md；初中英语必背1600单词.md"
"new","/nju:/","新的，新鲜的","初中英语必背1600单词.md；四年级上册_英语词汇表.md"
"news","","新闻，消息","初中英语必背1600单词.md"
"newspaper","/ˈnju:zpeɪpə(r)/","报纸","五年级下册_英语词汇表.md；初中英语必背1600单词.md"
"next","/nekst/","紧挨着的，下一次 ad.下一步","五年级下册_英语词汇表.md；六年级上册_英语词汇表.md；初中英语必背1600单词.md"
"nice","/naɪs/","令人愉快的，漂亮的","初中英语必背1600单词.md；四年级上册_英语词汇表.md"
"night","/naɪt/","夜，夜间","初中英语必背1600单词.md；四年级下册_英语词汇表.md"
"nine","","um. 九","初中英语必背1600单词.md"
"nineteen","","um. 十九","初中英语必背1600单词.md"
"ninety","","um. 九十","初中英语必背1600单词.md"
"ninth","","um. 第九","初中英语必背1600单词.md"
"no","","entry /ˈentri/ 禁止进入","五年级下册_英语词汇表.md；初中英语必背1600单词.md"
"nobody","","没有人","初中英语必背1600单词.md"
"nod","/nɒd/","点头","五年级下册_英语词汇表.md；初中英语必背1600单词.md"
"noise","/nɔɪz/","声音，噪音，喧闹声","初中英语必背1600单词.md；四年级下册_英语词汇表.md"
"noisy","/ˈnɔɪzi/","吵闹的","六年级上册_英语词汇表.md"
"none","","无任何东西或人","初中英语必背1600单词.md"
"noodle","","面条","初中英语必背1600单词.md"
"noon","/nu:n/","中午，下午","初中英语必背1600单词.md；四年级下册_英语词汇表.md"
"nor","","也不","初中英语必背1600单词.md"
"normal","","正常的（状态）","初中英语必背1600单词.md"
"north","/nɔ:θ/","北的 ad.向（在，从）北方n.北方","五年级下册_英语词汇表.md；六年级上册_英语词汇表.md；初中英语必背1600单词.md"
"northeast","","东北部","初中英语必背1600单词.md"
"northem","","北方的","初中英语必背1600单词.md"
"northwest","","西北","初中英语必背1600单词.md"
"nose","","鼻子","初中英语必背1600单词.md"
"not","","… at all 一点也不……","五年级上册_英语词汇表.md；五年级下册_英语词汇表.md；初中英语必背1600单词.md"
"note","","便条，笔记，注释 vt.记下，注意","初中英语必背1600单词.md"
"notebook","","笔记本","初中英语必背1600单词.md"
"nothing","","没有东西 adv.一点也不","初中英语必背1600单词.md"
"notice","","布告，通告，注意 vt.注意，注意到","初中英语必背1600单词.md"
"November","","11月","初中英语必背1600单词.md"
"now","","d. 现在","初中英语必背1600单词.md"
"nurse","/nɜ:s/","护士，保育员","初中英语必背1600单词.md；四年级上册_英语词汇表.md"
"obey","","服从，顺从，听从","初中英语必背1600单词.md"
"object","","物，物体，宾语","初中英语必背1600单词.md"
"ocean","/ˈəʊʃn/","海洋","六年级上册_英语词汇表.md；初中英语必背1600单词.md"
"October","/ɒkˈtəʊbə(r)/","10月","初中英语必背1600单词.md；四年级下册_英语词汇表.md"
"of","","（表示所属，数量，其中）…的","初中英语必背1600单词.md"
"off","","离开， 脱离了（走）开，ad.离开","初中英语必背1600单词.md"
"offer","","t. 提供，建议","初中英语必背1600单词.md"
"office","/ˈɒfɪs/","办公室","初中英语必背1600单词.md；四年级上册_英语词汇表.md"
"officer","","军官，公务员，官员，警察","初中英语必背1600单词.md"
"often","","d. 经常，常常","初中英语必背1600单词.md"
"oil","/ɔɪl/","painting 油画","六年级下册_英语词汇表.md；初中英语必背1600单词.md"
"OK","","d. （口语）好，对，不错","初中英语必背1600单词.md"
"old","/əʊld/","老的，旧的 elder年长的，older更","初中英语必背1600单词.md；四年级上册_英语词汇表.md"
"Olympic(s)Olympic","","Games a.&n. 奥运会","初中英语必背1600单词.md"
"on","/ɒn/","holiday /ˈhɒlədeɪ/ 度假","五年级上册_英语词汇表.md；六年级下册_英语词汇表.md；初中英语必背1600单词.md；四年级上册_英语词汇表.md"
"once","","d.一次，一度， 从前 conj.一旦","初中英语必背1600单词.md"
"one","","一（个，只…） （pl.ones)num.一","六年级下册_英语词汇表.md；初中英语必背1600单词.md"
"oneself","","自己，自身","初中英语必背1600单词.md"
"online","/ˌɒnˈlaɪn/","在线地；","六年级下册_英语词汇表.md"
"only","/ˈəʊnli/","唯一的 ad.仅仅，只，才","五年级下册_英语词汇表.md；初中英语必背1600单词.md"
"open","","开着的，开口的 vt.打开","初中英语必背1600单词.md"
"operation","","手术，操作","初中英语必背1600单词.md"
"or","/ɔ:(r)/","或，就是，否则","初中英语必背1600单词.md；四年级下册_英语词汇表.md"
"orange","","橘子 a.橘色的","初中英语必背1600单词.md"
"order","","顺序vt.订购，命令，订货；点卖","初中英语必背1600单词.md"
"other","/ˈʌðə(r)/","别人，别的东西a.别的，另外的","六年级上册_英语词汇表.md；初中英语必背1600单词.md"
"our","","我们的","初中英语必背1600单词.md"
"ours","","我们的（名词性物主代词）","初中英语必背1600单词.md"
"ourselves","","我们自己","初中英语必背1600单词.md"
"out","","d. 出外，在外，向外，想","初中英语必背1600单词.md"
"outing","/ˈaʊtɪŋ/","远足","五年级上册_英语词汇表.md"
"outside","","外面ad.在外面 prep.在…外面","初中英语必背1600单词.md"
"over","/ˈəʊvə(r)/","在…上方，越过，遍及，结束","五年级上册_英语词汇表.md；五年级下册_英语词汇表.md；初中英语必背1600单词.md"
"overcoat","","大衣","初中英语必背1600单词.md"
"owl","/aʊl/","猫头鹰","六年级上册_英语词汇表.md"
"own","/əʊn/","自己的 v.拥有，所有","六年级上册_英语词汇表.md；初中英语必背1600单词.md"
"owner","","物主，所有人","初中英语必背1600单词.md"
"p.m","/ˌpi:ˈem/","下午","四年级下册_英语词汇表.md"
"Pacific","","太平洋的","初中英语必背1600单词.md"
"package","","一包，一袋，一盒","初中英语必背1600单词.md"
"page","","页，页码","初中英语必背1600单词.md"
"paint","","油漆","初中英语必背1600单词.md"
"paints","/peɪnts/","绘画颜料","六年级下册_英语词汇表.md"
"pair","","一双，一对","初中英语必背1600单词.md"
"palace","/ˈpæləs/","王宫；宫殿","六年级上册_英语词汇表.md；初中英语必背1600单词.md"
"pale","","苍白的，灰白的","初中英语必背1600单词.md"
"pancake","","薄煎饼","初中英语必背1600单词.md"
"panda","","熊猫","初中英语必背1600单词.md"
"paper","/ˈpeɪpə(r)/","纸；纸张","五年级上册_英语词汇表.md；初中英语必背1600单词.md"
"pardon","","原谅，宽恕，对不起","初中英语必背1600单词.md"
"parent","/ˈpeərənt/","父（母），双亲","初中英语必背1600单词.md；四年级上册_英语词汇表.md"
"park","/pɑ:k/","t. 停放（汽车）","初中英语必背1600单词.md；四年级上册_英语词汇表.md"
"part","/pɑ:t/","部分，角色 a.局部的，部分的","六年级上册_英语词汇表.md；初中英语必背1600单词.md"
"party","/ˈpɑ:ti/","聚会，晚会，党派","五年级上册_英语词汇表.md；初中英语必背1600单词.md"
"pass","","t. 传，递，经过，通过","初中英语必背1600单词.md"
"passage","","（文章等的）一节，一段","初中英语必背1600单词.md"
"passenger","","乘客，旅客","初中英语必背1600单词.md"
"passport","","护照","初中英语必背1600单词.md"
"past","","过去，往事 a.过去的prep.过","初中英语必背1600单词.md"
"path","/pɑ:θ/","小路；小径","六年级下册_英语词汇表.md；初中英语必背1600单词.md"
"patient","","病人","初中英语必背1600单词.md"
"pay(paid,paid)","","付钱，给…报酬 n.工资","初中英语必背1600单词.md"
"PE","/ˌpi:ˈi:/","（学科）体育","四年级下册_英语词汇表.md"
"pea","/pi:/","豌豆","六年级下册_英语词汇表.md"
"peace","","和平","初中英语必背1600单词.md"
"pear","","梨子，梨树","初中英语必背1600单词.md"
"pen","","holder /pen ˈhəʊldə(r)/ 笔筒","六年级下册_英语词汇表.md；初中英语必背1600单词.md"
"pence","","（英）便士，美分","初中英语必背1600单词.md"
"pencil","","铅笔","初中英语必背1600单词.md"
"penny","","便士（pencede的单数）","初中英语必背1600单词.md"
"people","/ˈpi:pl/","人，人们，人民","初中英语必背1600单词.md；四年级上册_英语词汇表.md"
"percent","","百分之…","初中英语必背1600单词.md"
"perfect","","完美的，极好的","初中英语必背1600单词.md"
"perhaps","","d. 可能，或","初中英语必背1600单词.md"
"period","","时期，时代","初中英语必背1600单词.md"
"person","","人","初中英语必背1600单词.md"
"personal","","个人的，私人的","初中英语必背1600单词.md"
"pet","","宠物，爱畜","初中英语必背1600单词.md"
"phr","","沿着 . . . . 一直往前走 1841 South// Africa// n 南非","初中英语单词表2182个(带音标).md"
"physics","","物理（学）","初中英语必背1600单词.md"
"piano","/pɪˈænəʊ/","钢琴","四年级下册_英语词汇表.md"
"pick","/pɪk/","up 捡起；拾起","六年级上册_英语词汇表.md；初中英语必背1600单词.md"
"picnic","","野餐","初中英语必背1600单词.md"
"picture","/ˈpɪktʃə(r)/","图片，画片，照片","初中英语必背1600单词.md；四年级上册_英语词汇表.md"
"pie","/paɪ/","甜馅饼","六年级上册_英语词汇表.md；初中英语必背1600单词.md"
"piece","/pi:s/","一块（片，张，件…）","六年级下册_英语词汇表.md；初中英语必背1600单词.md"
"pig","","猪","初中英语必背1600单词.md"
"pilot","/ˈpaɪlət/","飞行员","五年级上册_英语词汇表.md；初中英语必背1600单词.md"
"pink","","粉红色的","初中英语必背1600单词.md"
"pioneer","","先锋，传播者","初中英语必背1600单词.md"
"pity","","怜悯，同情","初中英语必背1600单词.md"
"pizza","/ˈpi:tsə/","比萨饼","六年级上册_英语词汇表.md"
"place","/pleɪs/","地方，处所 v.放置，安排","五年级下册_英语词汇表.md；初中英语必背1600单词.md"
"plain","","家常的，普通的 v.安置","初中英语必背1600单词.md"
"plan","/plæn/","安排；计划","五年级下册_英语词汇表.md；初中英语必背1600单词.md"
"plane","","飞机","初中英语必背1600单词.md"
"planet","","行星","初中英语必背1600单词.md"
"plant","/plɑ:nt/","t.种植，播种 n.植物","六年级上册_英语词汇表.md；初中英语必背1600单词.md；四年级下册_英语词汇表.md"
"plastic","/ˈplæstik/","bag 塑料袋","六年级上册_英语词汇表.md；六年级下册_英语词汇表.md；初中英语必背1600单词.md"
"plate","/pleɪt/","板，片，牌，盘子，盆子","初中英语必背1600单词.md；四年级上册_英语词汇表.md"
"play","","sport /spɔ:t/ 做运动","五年级上册_英语词汇表.md；初中英语必背1600单词.md；四年级上册_英语词汇表.md；四年级下册_英语词汇表.md"
"playground","/ˈpleɪɡraʊnd/","操场，运动场","初中英语必背1600单词.md；四年级上册_英语词汇表.md"
"pleasant","","令人愉快的，舒适的","初中英语必背1600单词.md"
"please","","请，使人高兴，使人满意","初中英语必背1600单词.md"
"pleasure","","高兴，愉快","初中英语必背1600单词.md"
"plenty","","充足","初中英语必背1600单词.md"
"pocket","","（衣服的）口袋","初中英语必背1600单词.md"
"pod","/pɒd/","豆荚","六年级下册_英语词汇表.md"
"poem","","诗","初中英语必背1600单词.md"
"point","","指，指向 n.点，分数","初中英语必背1600单词.md"
"police","/pəˈli:s/","警方；警察部门","六年级上册_英语词汇表.md；初中英语必背1600单词.md"
"policeman","/pəˈli:smən/","警察 summer holiday 暑假","六年级上册_英语词汇表.md；初中英语必背1600单词.md"
"polite","","有礼貌的，有教养的","初中英语必背1600单词.md"
"pond","","池塘","初中英语必背1600单词.md"
"pool","","水塘，水池","初中英语必背1600单词.md"
"poor","/pʊə(r); pɔ:(r)/","贫穷的，可怜的，不好的，差的","六年级下册_英语词汇表.md；初中英语必背1600单词.md"
"popular","","流行的，大众的，受欢迎的","初中英语必背1600单词.md"
"population","","人口，人数","初中英语必背1600单词.md"
"pork","","猪肉","初中英语必背1600单词.md"
"position","","位置","初中英语必背1600单词.md"
"possible","","可能的","初中英语必背1600单词.md"
"post","","office /ˈpəʊst ɒfɪs/ 邮局","五年级上册_英语词汇表.md；初中英语必背1600单词.md"
"postcard","","明信片","初中英语必背1600单词.md"
"poster","/ˈpəʊstə(r)/","海报","五年级下册_英语词汇表.md"
"postman","","邮递员","初中英语必背1600单词.md"
"potato","","土豆","初中英语必背1600单词.md"
"pound","","磅，英镑","初中英语必背1600单词.md"
"powerful","/ˈpaʊəfl/","强有力的；","六年级下册_英语词汇表.md"
"practice","","练习","初中英语必背1600单词.md"
"practise(Am","","practice) v. 练习，实践","初中英语必背1600单词.md"
"praise","/preɪz/","t. 赞扬，表扬","六年级下册_英语词汇表.md；初中英语必背1600单词.md"
"prepare","","t. 准备，预备","初中英语必背1600单词.md"
"present","/ˈpreznt/","礼物，赠品","五年级下册_英语词汇表.md；初中英语必背1600单词.md"
"president","","总统，主席","初中英语必背1600单词.md"
"pretty","/ˈprɪti/","漂亮的","六年级上册_英语词汇表.md"
"prevent","","t. 防止，预防","初中英语必背1600单词.md"
"price","","价格，价钱","初中英语必背1600单词.md"
"pride","","自豪，骄傲","初中英语必背1600单词.md"
"primary","/ˈpraɪməri/","school 小学","五年级上册_英语词汇表.md；初中英语必背1600单词.md"
"princess","/ˌprɪnˈses; ˈprɪnses/","公主","六年级上册_英语词汇表.md"
"print","","t. 印刷","初中英语必背1600单词.md"
"prison","","监狱","初中英语必背1600单词.md"
"prisoner","","囚犯","初中英语必背1600单词.md"
"private","","私人的","初中英语必背1600单词.md"
"prize","","奖赏，奖品","初中英语必背1600单词.md"
"probably","","d. 很可能，大概","初中英语必背1600单词.md"
"problem","","问题，难题","初中英语必背1600单词.md"
"produce","","t. 生产，制造","初中英语必背1600单词.md"
"programme","","节目，节目单，程序表，计划","初中英语必背1600单词.md"
"progress","","进步，上进 v.进展，进步","初中英语必背1600单词.md"
"project","/ˈprɒdʒekt/","课题","五年级下册_英语词汇表.md"
"promise","","答应","初中英语必背1600单词.md"
"pronounce","","发音","初中英语必背1600单词.md"
"pronunciation","","发音","初中英语必背1600单词.md"
"proper","","恰当的，合适的","初中英语必背1600单词.md"
"protect","","t. 保护","初中英语必背1600单词.md"
"proud","","自豪的，骄傲的","初中英语必背1600单词.md"
"prove","","t. 证明","初中英语必背1600单词.md"
"provide","","t. 提供","初中英语必背1600单词.md"
"PS","","附言（用于信末）","六年级下册_英语词汇表.md"
"pubic","","公共的，公众的 n.公众","初中英语必背1600单词.md"
"pull","","… out 把……拔出","五年级下册_英语词汇表.md；初中英语必背1600单词.md"
"punish","","惩罚，处罚","初中英语必背1600单词.md"
"pupil","/ˈpju:pl/","（小）学生","初中英语必背1600单词.md；四年级上册_英语词汇表.md"
"purple","/ˈpɜ:pl/","紫色的，紫色","初中英语必背1600单词.md；四年级下册_英语词汇表.md"
"purpose","","目的，意图","初中英语必背1600单词.md"
"purse","","钱包","初中英语必背1600单词.md"
"push","","推","初中英语必背1600单词.md"
"put","/pʊt/","ou` es 灭火","五年级上册_英语词汇表.md；五年级下册_英语词汇表.md"
"put(put,put)","","t. 放，摆","初中英语必背1600单词.md"
"quack","/kwæk/","（鸭叫声）嘎嘎","四年级下册_英语词汇表.md"
"quarter","/ˈkwɔ:tə(r)/","四分之一，一刻钟","初中英语必背1600单词.md；四年级下册_英语词汇表.md"
"queen","/kwi:n/","皇后，女王","六年级上册_英语词汇表.md；初中英语必背1600单词.md"
"question","","问题","初中英语必背1600单词.md"
"quick","","快，敏捷的，急剧的","初中英语必背1600单词.md"
"quickly","/ˈkwɪkli/","快地；迅速地","五年级上册_英语词汇表.md"
"quiet","/ˈkwaɪət/","轻声的；安静的","五年级上册_英语词汇表.md；初中英语必背1600单词.md"
"quite","/kwaɪt/","d. 完全，十分","五年级上册_英语词汇表.md；初中英语必背1600单词.md"
"rabbit","","兔，家兔","初中英语必背1600单词.md"
"race","","赛跑，竞赛","初中英语必背1600单词.md"
"radio","","无线电，收音机","初中英语必背1600单词.md"
"railway","","铁路，铁道","初中英语必背1600单词.md"
"rain","/reɪn/","雨，雨水 vi.下雨","初中英语必背1600单词.md；四年级上册_英语词汇表.md"
"raincoat","","雨衣","初中英语必背1600单词.md"
"rainy","/ˈreɪni/","下雨的，多雨的","初中英语必背1600单词.md；四年级上册_英语词汇表.md"
"raise","","t. 使升高，饲养","初中英语必背1600单词.md"
"rapid","","快的，迅速的","初中英语必背1600单词.md"
"rat","","老鼠","初中英语必背1600单词.md"
"rather","","d. 相当，宁可","初中英语必背1600单词.md"
"reach","","到达","初中英语必背1600单词.md"
"read(read,read)","","读，朗读","初中英语必背1600单词.md"
"ready","","准备好的","初中英语必背1600单词.md"
"real","","真实的，确实的","初中英语必背1600单词.md"
"really","","d. 真正地，到底，确实","初中英语必背1600单词.md"
"reason","","t.评理，劝说 n.理由，原因","初中英语必背1600单词.md"
"receive","","收到，得到","初中英语必背1600单词.md"
"recent","","进来的，最近的","初中英语必背1600单词.md"
"recite","","背诵","初中英语必背1600单词.md"
"record","","记录，唱片 v.录制，记录","初中英语必背1600单词.md"
"recorder","","录音机","初中英语必背1600单词.md"
"rectangle","/ˈrektæŋɡl/","长方形","四年级上册_英语词汇表.md"
"recycle","/ˌri:ˈsaɪkl/","turtle /ˈtɜ:tl/ 乌龟","六年级上册_英语词汇表.md"
"red","","packet /ˈpækɪt/ 红包","五年级下册_英语词汇表.md；初中英语必背1600单词.md"
"refuse","","i. 拒绝，不愿","初中英语必背1600单词.md"
"regard","","把…看做","初中英语必背1600单词.md"
"regret","","t. 可惜，遗憾，痛惜，哀悼","初中英语必背1600单词.md"
"relation","","关系，亲属","初中英语必背1600单词.md"
"relative","/ˈrelətɪv/","亲戚","五年级下册_英语词汇表.md"
"relax","","（使）放松，轻松","初中英语必背1600单词.md"
"remain","","t.余下，留下 vi.保持，仍是","初中英语必背1600单词.md"
"remember","","记住","初中英语必背1600单词.md"
"repair","","i. 修理，修补","初中英语必背1600单词.md"
"repeat","","t. 重说，重做","初中英语必背1600单词.md"
"reply","","回答，答复","初中英语必背1600单词.md"
"report","","报道，报告","初中英语必背1600单词.md"
"require","","t. 需求，要求","初中英语必背1600单词.md"
"research","","研究，调查","初中英语必背1600单词.md"
"rest","/rest/","休息，其余的人（物）vi.休息","五年级下册_英语词汇表.md；初中英语必背1600单词.md"
"restaurant","/ˈrestrɒnt/","餐馆","四年级上册_英语词汇表.md"
"result","","结果，效果","初中英语必背1600单词.md"
"retell","","t. 重讲，重复，复述","初中英语必背1600单词.md"
"return","","归还，回，归","初中英语必背1600单词.md"
"reuse","/ˌri:ˈju:z/","重新利用","六年级下册_英语词汇表.md"
"review","","t.回顾，复习 n.复查，复习，评理","初中英语必背1600单词.md"
"rhino","/ˈraɪnəʊ/","犀牛","六年级上册_英语词汇表.md"
"rice","/raɪs/","稻米，米饭","初中英语必背1600单词.md；四年级上册_英语词汇表.md"
"rich","","富裕的，有钱的","初中英语必背1600单词.md"
"riddle","","谜（语）","初中英语必背1600单词.md"
"ride","/raɪd/","骑（马；自行车）","四年级上册_英语词汇表.md"
"ride(rode,riddent)","","骑，乘车 n.乘车旅行","初中英语必背1600单词.md"
"right","/raɪt/","权利ad.正确的/地 完全地a.右边的","五年级上册_英语词汇表.md；初中英语必背1600单词.md"
"right away","/raɪt əˈweɪ/","立即；","六年级下册_英语词汇表.md"
"ring(rang,rung)","","（钟，铃等）响（打）电话","初中英语必背1600单词.md"
"rise","/raɪz/","升起","四年级下册_英语词汇表.md"
"rise(rose,risen)","","i. 上升，上涨","初中英语必背1600单词.md"
"risk","","冒险","初中英语必背1600单词.md"
"river","/ˈrɪvə(r)/","江，河，水道，巨流","初中英语必背1600单词.md；四年级下册_英语词汇表.md"
"road","/rəʊd/","路；马路","五年级上册_英语词汇表.md；初中英语必背1600单词.md"
"robot","","机器人","初中英语必背1600单词.md"
"RocEliteGroup","","2010.7 英语词汇2182个 26页","初中英语单词表2182个(带音标).md"
"rock","","岩石","初中英语必背1600单词.md"
"role","","角色","初中英语必背1600单词.md"
"roof","/ru:f/","屋顶","六年级下册_英语词汇表.md"
"room","","房间，室，空间","初中英语必背1600单词.md"
"rope","","绳，索","初中英语必背1600单词.md"
"rose","","玫瑰花","初中英语必背1600单词.md"
"round","/raʊnd/","d.转过来 prep.环绕一周a.圆的，球形的","初中英语必背1600单词.md；四年级下册_英语词汇表.md"
"row","/rəʊ/","a boat 划船","五年级下册_英语词汇表.md；初中英语必背1600单词.md"
"rubber","/ˈrʌbə(r)/","橡皮","六年级下册_英语词汇表.md；初中英语必背1600单词.md"
"rubbish","/ˈrʌbɪʃ/","bin /ˈrʌbɪʃ bɪn/ 垃圾桶","六年级上册_英语词汇表.md；六年级下册_英语词汇表.md；初中英语必背1600单词.md"
"rule","","规则，规定 vt.统治，支配","初中英语必背1600单词.md"
"ruler","","统治者，直尺","初中英语必背1600单词.md"
"run","/rʌn/","跑","四年级上册_英语词汇表.md"
"run(ran,run)","","i. 跑，奔跑，（颜色）褪色","初中英语必背1600单词.md"
"rush","","i. 冲，奔跑","初中英语必背1600单词.md"
"Russia","","俄罗斯，俄国","初中英语必背1600单词.md"
"Russian","","俄国人的，俄语的 n.俄国人，俄语","初中英语必背1600单词.md"
"sad","/sæd/","（使人）悲伤的","初中英语必背1600单词.md；四年级上册_英语词汇表.md"
"safe","","安全的 n.保险柜","初中英语必背1600单词.md"
"safety","/ˈseɪftɪ/","安全，保险","五年级上册_英语词汇表.md；初中英语必背1600单词.md"
"sail","","航行 v.航行，开航","初中英语必背1600单词.md"
"salad","","色拉","初中英语必背1600单词.md"
"sale","","卖，出售","初中英语必背1600单词.md"
"salt","","盐","初中英语必背1600单词.md"
"same","/seɪm/","同样的事 a.同样的，同一的","五年级上册_英语词汇表.md；初中英语必背1600单词.md"
"sand","","沙；沙子","初中英语必背1600单词.md"
"sandwich","/ˈsænwɪtʃ; -wɪdZ/","三明治","六年级上册_英语词汇表.md；初中英语必背1600单词.md"
"satisfy","","t. 满足，使满意","初中英语必背1600单词.md"
"Saturday","/ˈsætədeɪ; -di/","星期六","初中英语必背1600单词.md；四年级下册_英语词汇表.md"
"sausage","","香肠","初中英语必背1600单词.md"
"save","/seɪv/","t. 救，挽救，节省","五年级上册_英语词汇表.md；初中英语必背1600单词.md"
"saw","/sɔ:/","锯","六年级下册_英语词汇表.md"
"say","/seɪ/","to oneself 自言自语","五年级上册_英语词汇表.md；六年级下册_英语词汇表.md"
"say(said,said)","","t. 说，讲","初中英语必背1600单词.md"
"scarf","/skɑ:f/","领巾，围巾","六年级下册_英语词汇表.md；初中英语必背1600单词.md"
"school","/sku:l/","gate /ɡeɪt/ 校门；校门口","五年级下册_英语词汇表.md；初中英语必背1600单词.md；四年级上册_英语词汇表.md"
"schoolbag","","书包","初中英语必背1600单词.md"
"science","/ˈsaɪəns/","museum 科学博物馆","六年级上册_英语词汇表.md；初中英语必背1600单词.md；四年级下册_英语词汇表.md"
"scientist","","科学家","初中英语必背1600单词.md"
"scissors","/ˈsɪzəz/","剪刀","六年级下册_英语词汇表.md"
"score","","得分，分数","初中英语必背1600单词.md"
"screen","","幕，荧光屏","初中英语必背1600单词.md"
"sea","/si:/","海，海洋","五年级上册_英语词汇表.md；初中英语必背1600单词.md"
"seafood","/ˈsi:fu:d/","海鲜","五年级下册_英语词汇表.md"
"search","","搜寻，搜查","初中英语必背1600单词.md"
"season","","季，季节","初中英语必背1600单词.md"
"seat","","座位，座","初中英语必背1600单词.md"
"second","/ˈsekənd/","秒num.第二 a.第二的","五年级下册_英语词汇表.md；初中英语必背1600单词.md"
"secret","","秘密，内情","初中英语必背1600单词.md"
"secretary","","秘书，书记","初中英语必背1600单词.md"
"see","/si:/","the world 见世面","五年级下册_英语词汇表.md；六年级下册_英语词汇表.md；四年级上册_英语词汇表.md"
"see(saw,seen)","","t. 看见，看到，领会","初中英语必背1600单词.md"
"seed","/si:d/","种子","四年级下册_英语词汇表.md"
"seem","","似乎，好像","初中英语必背1600单词.md"
"seldom","","d. 很少，不常","初中英语必背1600单词.md"
"sell(sold,sold)","","卖，售","初中英语必背1600单词.md"
"send","/send/","安排去；寄；送","六年级上册_英语词汇表.md"
"send(sent,sent)","","打发，派遣，送，邮寄","初中英语必背1600单词.md"
"sentence","","句子","初中英语必背1600单词.md"
"separate","","使分开，使分离 a.单独的，分开的","初中英语必背1600单词.md"
"September","/sepˈtembə(r)/","9月","初中英语必背1600单词.md；四年级下册_英语词汇表.md"
"serious","","严肃的，严重的，认真的","初中英语必背1600单词.md"
"servant","","仆人，佣人","初中英语必背1600单词.md"
"service","","服务","初中英语必背1600单词.md"
"set","","装备，设备 vt.设置（布景，背景）","初中英语必背1600单词.md"
"seven","","um. 七","初中英语必背1600单词.md"
"seventeen","","um. 十七","初中英语必背1600单词.md"
"seventh","","um. 第七","初中英语必背1600单词.md"
"seventy","","um. 七十","初中英语必背1600单词.md"
"several","","几个，数个 a.若干","初中英语必背1600单词.md"
"shadow","/ˈʃædəʊ/","影子","四年级下册_英语词汇表.md"
"shake(shook,shaken)","","（使）动摇，震动","初中英语必背1600单词.md"
"shall","","ʃəl; ʃæl/（表示提出或征求意见）","六年级上册_英语词汇表.md"
"shall(should)","","（表示将来）将要","初中英语必背1600单词.md"
"shame","","遗憾的事，羞愧","初中英语必背1600单词.md"
"shape","/ʃeɪp/","形状，外形 v.使成型，制造，塑造","初中英语必背1600单词.md；四年级上册_英语词汇表.md"
"share","","t. 分享","初中英语必背1600单词.md"
"sharp","/ʃɑ:p/","锋利的；尖的","四年级上册_英语词汇表.md"
"she","","她","初中英语必背1600单词.md"
"shell","/ʃel/","贝壳","五年级上册_英语词汇表.md"
"shine","/ʃaɪn/","发光，照耀，杰出，擦亮","五年级上册_英语词汇表.md；初中英语必背1600单词.md"
"ship","","船，轮船 vi.用船装运","初中英语必背1600单词.md"
"shirt","/ʃɜ:t/","（男式）衬衫","初中英语必背1600单词.md；四年级上册_英语词汇表.md"
"shoe","/ʃu:/","鞋","五年级下册_英语词汇表.md；初中英语必背1600单词.md"
"shop","/ʃɒp/","商店 vi.买东西","初中英语必背1600单词.md；四年级上册_英语词汇表.md"
"shopping","","bag 购物袋","六年级上册_英语词汇表.md"
"short","","race /ʃɔ:t reɪs/ 短跑","六年级下册_英语词汇表.md；初中英语必背1600单词.md"
"shorts","/ʃɔ:ts/","短裤，运动短裤","初中英语必背1600单词.md；四年级上册_英语词汇表.md"
"should","/ʃəd; ʃʊd/","mod.v.aux. 会，应该（shall的过去时态）","五年级下册_英语词汇表.md；初中英语必背1600单词.md"
"shoulder","","肩膀，（道路的）路肩","初中英语必背1600单词.md"
"shout","","喊，高声呼喊","初中英语必背1600单词.md"
"show","/ʃəʊ/","展示，展览（会），演出","五年级下册_英语词汇表.md；初中英语必背1600单词.md"
"shut(shut,shut)","","关上，封闭，禁闭","初中英语必背1600单词.md"
"shy","","害羞的","初中英语必背1600单词.md"
"sick","/sɪk/","有病的，患病的，（想）呕吐","六年级上册_英语词汇表.md；初中英语必背1600单词.md"
"side","","边，旁边，面，侧面","初中英语必背1600单词.md"
"sight","","情景，风景，视力","初中英语必背1600单词.md"
"sign","/saɪn/","标识","六年级下册_英语词汇表.md"
"silence","","安静，沉默","初中英语必背1600单词.md"
"silent","","无声的，无对话的","初中英语必背1600单词.md"
"silk","","（蚕）丝，丝织品","初中英语必背1600单词.md"
"silly","","傻的，愚蠢的","初中英语必背1600单词.md"
"silver","","银","初中英语必背1600单词.md"
"similar","","相似","初中英语必背1600单词.md"
"simple","","简单的，简易的","初中英语必背1600单词.md"
"since","","d.从那时以来 conj.由于prep.从…以来","初中英语必背1600单词.md"
"sing(sang,sang)","","唱，唱歌","初中英语必背1600单词.md"
"singer","/ˈsɪŋə(r)/","歌唱家，歌手","五年级上册_英语词汇表.md；初中英语必背1600单词.md"
"single","","单一的，单个的","初中英语必背1600单词.md"
"sir","","先生，阁下","初中英语必背1600单词.md"
"sister","","姐，妹","初中英语必背1600单词.md"
"sit","/sɪt/","坐","四年级上册_英语词汇表.md"
"sit(sat,sat)","","i. 坐","初中英语必背1600单词.md"
"situation","","形势，情况","初中英语必背1600单词.md"
"six","","um. 六","初中英语必背1600单词.md"
"sixteen","","um. 十六","初中英语必背1600单词.md"
"sixteenth","","um. 第十六","初中英语必背1600单词.md"
"sixth","","um. 第六","初中英语必背1600单词.md"
"sixty","","um. 六十","初中英语必背1600单词.md"
"size","/saɪz/","尺寸，大小","五年级下册_英语词汇表.md；初中英语必背1600单词.md"
"skate","","i.n. 溜冰，滑冰","初中英语必背1600单词.md"
"skill","","技能，技巧","初中英语必背1600单词.md"
"skirt","/skɜ:t/","女裙","初中英语必背1600单词.md；四年级上册_英语词汇表.md"
"sky","/skaɪ/","天，天空","初中英语必背1600单词.md；四年级下册_英语词汇表.md"
"sleep","","睡着的，熟睡","初中英语必背1600单词.md"
"sleeply","","想睡的，困倦的，瞌睡的","初中英语必背1600单词.md"
"slow","","d. 慢慢的，缓慢的","初中英语必背1600单词.md"
"slowly","/ˈsləʊli/","缓慢地","五年级上册_英语词汇表.md"
"small","","小的，少的","初中英语必背1600单词.md"
"smart","","灵巧的，伶俐的，帅的","初中英语必背1600单词.md"
"smell","/smel/","闻；嗅","四年级下册_英语词汇表.md"
"smile","/smaɪl/","笑容；微笑","五年级下册_英语词汇表.md；初中英语必背1600单词.md"
"smoke","/sməʊk/","烟 v.冒烟，吸烟","五年级上册_英语词汇表.md；六年级上册_英语词汇表.md；初中英语必背1600单词.md"
"smooth","","光滑的，平坦的","初中英语必背1600单词.md"
"snake","","蛇 v.蛇般爬行，蜿蜒行进","初中英语必背1600单词.md"
"snow","","雪 vi.下雪","初中英语必背1600单词.md"
"snowy","","雪（白）的 下雪的，多（积）雪的","初中英语必背1600单词.md"
"so","/səʊ/","d.如此，这么，非常 同样conj.因此，所以","六年级上册_英语词汇表.md；初中英语必背1600单词.md；四年级上册_英语词汇表.md"
"soap","","肥皂","初中英语必背1600单词.md"
"social","","社会的，社交的","初中英语必背1600单词.md"
"society","","社会","初中英语必背1600单词.md"
"sock","/sɒk/","短袜","五年级下册_英语词汇表.md"
"socks","","短袜","初中英语必背1600单词.md"
"sofa","","（长）沙发","初中英语必背1600单词.md"
"soft","/sɒft/","软的，柔和的","初中英语必背1600单词.md；四年级下册_英语词汇表.md"
"softly","/ˈsɒftli/","轻柔地","五年级上册_英语词汇表.md"
"soldier","","士兵，战士","初中英语必背1600单词.md"
"solid","","结实的，固体的 n.固体","初中英语必背1600单词.md"
"some","","一些，若干，有些， 某一 pron.若干，一些","六年级下册_英语词汇表.md；初中英语必背1600单词.md"
"somebody","","某人，有人，有名气的人","初中英语必背1600单词.md"
"someone","","某一个人","初中英语必背1600单词.md"
"something","/ˈsʌmθɪŋ/","某事；某物","五年级下册_英语词汇表.md；初中英语必背1600单词.md"
"sometimes","/ˈsʌmtaɪmz/","d. 有时","五年级上册_英语词汇表.md；初中英语必背1600单词.md"
"somewhere","","d. 在某处","初中英语必背1600单词.md"
"son","/sʌn/","儿子","六年级上册_英语词汇表.md；初中英语必背1600单词.md；四年级上册_英语词汇表.md"
"song","/sɒŋ/","唱歌，歌曲","初中英语必背1600单词.md；四年级下册_英语词汇表.md"
"soon","/su:n/","d. 不久，很快，一会儿","五年级上册_英语词汇表.md；初中英语必背1600单词.md"
"sorry","","对不起，抱歉，难过的","初中英语必背1600单词.md"
"sort","","t.把…分类，挑选 n.种类，类别","初中英语必背1600单词.md"
"sound","/saʊnd/","i.听起来，发出声音 n.声音","五年级上册_英语词汇表.md；初中英语必背1600单词.md"
"soup","/su:p/","汤","初中英语必背1600单词.md；四年级上册_英语词汇表.md"
"sour","","酸的","初中英语必背1600单词.md"
"south","/saʊθ/","China tiger 华南虎","五年级下册_英语词汇表.md；六年级上册_英语词汇表.md；初中英语必背1600单词.md"
"southern","","南部的，南方的","初中英语必背1600单词.md"
"southwest","","西南","初中英语必背1600单词.md"
"space","/speɪs/","间隔，距离，空地","六年级下册_英语词汇表.md；初中英语必背1600单词.md"
"spare","","空闲的，多余的，剩余的","初中英语必背1600单词.md"
"speak(spoke,spoken)","","说，讲，谈话，发言","初中英语必背1600单词.md"
"speaker","","演讲人，演说家","初中英语必背1600单词.md"
"special","/ˈspeʃl/","特别的，专门的","六年级下册_英语词汇表.md；初中英语必背1600单词.md"
"speech","","演讲人，演说家","初中英语必背1600单词.md"
"speed","","速度 v.（使）加速","初中英语必背1600单词.md"
"spell(spelt,spelt)","","t. 拼写","初中英语必背1600单词.md"
"spend","/spend/","度过","六年级上册_英语词汇表.md"
"spend(spent,spent)","","度过，花费（钱，时间等）","初中英语必背1600单词.md"
"spirit","","精神","初中英语必背1600单词.md"
"spoon","","匙，调羹","初中英语必背1600单词.md"
"sport","/spɔ:t/","体育运动，锻炼，运动会","初中英语必背1600单词.md；四年级下册_英语词汇表.md"
"spring","","春天，春季","初中英语必背1600单词.md"
"square","/skweə(r)/","正方形","初中英语必背1600单词.md；四年级上册_英语词汇表.md"
"sreve","","t. 招待（顾客等），服务","初中英语必背1600单词.md"
"stair","","楼梯","初中英语必背1600单词.md"
"stamp","","邮票","初中英语必背1600单词.md"
"stand","/stænd/","站；站住","五年级下册_英语词汇表.md；初中英语必背1600单词.md"
"stand(stood,stood)","","起立，坐落，经受","初中英语必背1600单词.md"
"standard","","标准（的）","初中英语必背1600单词.md"
"star","/stɑ:(r)/","五角星形；星星","初中英语必背1600单词.md；四年级上册_英语词汇表.md"
"start","/stɑ:t/","开始，着手，出发","初中英语必背1600单词.md；四年级下册_英语词汇表.md"
"state","","状态，情形，国家（美国的）州","初中英语必背1600单词.md"
"station","/ˈsteɪʃn/","站，所，车站，电台","五年级上册_英语词汇表.md；初中英语必背1600单词.md"
"stay","/steɪ/","i. 停留，逗留，呆","五年级下册_英语词汇表.md；初中英语必背1600单词.md"
"steal(stole,stolen)","","t. 偷，窃取","初中英语必背1600单词.md"
"steel","","钢，钢铁","初中英语必背1600单词.md"
"step","","脚步，台阶，梯级 vi.走，跨步","初中英语必背1600单词.md"
"stick","/stɪk/","i.粘住，钉住 n.木棒（棍），枝条","五年级下册_英语词汇表.md；初中英语必背1600单词.md"
"still","/stɪl/","d. 仍然，还","六年级下册_英语词汇表.md；初中英语必背1600单词.md"
"stomach","","胃，胃部","初中英语必背1600单词.md"
"stone","","石头，石料","初中英语必背1600单词.md"
"stop","/stɒp/","停（停车） v.停，停止，阻止","初中英语必背1600单词.md；四年级下册_英语词汇表.md"
"store","","商店 vt.储藏，存储","初中英语必背1600单词.md"
"storm","","风暴，暴（风）雨","初中英语必背1600单词.md"
"story","/ˈstɔ:ri/","故事，小说","五年级下册_英语词汇表.md；初中英语必背1600单词.md"
"storybook","/ˈstɔ:ribʊk/","故事书","五年级下册_英语词汇表.md"
"straight","/streɪt/","笔直地","五年级上册_英语词汇表.md"
"strange","","奇怪的，奇特的，陌生的","初中英语必背1600单词.md"
"stranger","","陌生人，外人","初中英语必背1600单词.md"
"strawberry","/ˈstrɔ:bəri/","草莓","初中英语必背1600单词.md；四年级下册_英语词汇表.md"
"stream","","小河，溪流","初中英语必背1600单词.md"
"street","/stri:t/","sweeper /stri:t ˈswi:pə(r)/ 热身练习","六年级下册_英语词汇表.md；初中英语必背1600单词.md；四年级上册_英语词汇表.md"
"strict","","严格的，严密的","初中英语必背1600单词.md"
"strong","","强（壮）的，坚固的，强烈的，坚强的","初中英语必背1600单词.md"
"stronger","/ˈstrɒŋə(r)/","更强大的","六年级下册_英语词汇表.md"
"strongly","/ˈstrɒŋli/","强劲地","五年级上册_英语词汇表.md"
"student","/ˈstju:dnt/","学生","五年级下册_英语词汇表.md；初中英语必背1600单词.md"
"study","/ˈstʌdi/","学习，研究 n.书房","五年级下册_英语词汇表.md；初中英语必背1600单词.md"
"stupid","","愚蠢的，笨的","初中英语必背1600单词.md"
"subject","/ˈsʌbdZekt/","题目，主题，学科，主语，主体","初中英语必背1600单词.md；四年级下册_英语词汇表.md"
"succeed","","i. 成功","初中英语必背1600单词.md"
"success","","成功","初中英语必背1600单词.md"
"successful","","成功的，有成就的","初中英语必背1600单词.md"
"such","","d.那么pron.人，事物 a.这样的，那样的","初中英语必背1600单词.md"
"sudden","","突然的","初中英语必背1600单词.md"
"suffer","","i. 受苦，遭受","初中英语必背1600单词.md"
"sugar","","糖","初中英语必背1600单词.md"
"suggest","","t. 建议，提议","初中英语必背1600单词.md"
"suggestion","","建议","初中英语必背1600单词.md"
"summer","","夏天，夏季","初中英语必背1600单词.md"
"sun","/sʌn/","太阳，阳光","初中英语必背1600单词.md；四年级上册_英语词汇表.md"
"Sunday","/ˈsʌndeɪ/","星期日","初中英语必背1600单词.md；四年级上册_英语词汇表.md；四年级下册_英语词汇表.md"
"sunny","/ˈsʌni/","晴朗的，阳光充足的","初中英语必背1600单词.md；四年级上册_英语词汇表.md"
"sunshine","/ˈsʌnʃaɪn/","阳光","五年级上册_英语词汇表.md"
"supermarket","","超级市场","初中英语必背1600单词.md"
"supper","","晚餐，晚饭","初中英语必背1600单词.md"
"supply","","t.&n. 供给，供应","初中英语必背1600单词.md"
"support","","t.&n. 支持，赞助","初中英语必背1600单词.md"
"suppose","","t. 猜想，假定，料想","初中英语必背1600单词.md"
"sure","","确信，肯定 ad.的确，一定，当然","初中英语必背1600单词.md"
"surface","","表面","初中英语必背1600单词.md"
"surprise","","t.使惊奇，使诧异 n.惊奇，诧异","初中英语必背1600单词.md"
"sushi","/ˈsu:ʃi/","寿司（日本食物）","六年级上册_英语词汇表.md"
"swan","/swɒn/","天鹅","四年级下册_英语词汇表.md"
"sweater","/ˈswetə(r)/","厚运动衫","五年级下册_英语词汇表.md；初中英语必背1600单词.md"
"sweep","/swi:p/","扫地","六年级下册_英语词汇表.md"
"sweep(swept,swept)","","扫除，扫","初中英语必背1600单词.md"
"sweet","","甜食a.甜的，新鲜的，可爱的，亲切的","初中英语必背1600单词.md"
"swim(swam,swum)","","i. 游泳，游","初中英语必背1600单词.md"
"swimming","","游泳","初中英语必背1600单词.md"
"swimsuit","/ˈswɪmsu:t/","（尤指女式的）","六年级下册_英语词汇表.md"
"swing","/swɪŋ/","秋千","五年级下册_英语词汇表.md；初中英语必背1600单词.md"
"symbol","","标志，象征","初中英语必背1600单词.md"
"T-shirt","/ˈti:ʃɜ:t/","T恤衫","初中英语必背1600单词.md；四年级上册_英语词汇表.md"
"table","/ˈteɪbl/","tennis n. 乒乓球","初中英语必背1600单词.md；四年级上册_英语词汇表.md；四年级下册_英语词汇表.md"
"tail","","（动物的）尾巴","初中英语必背1600单词.md"
"take","/teɪk/","off /teɪk ɒf/ 脱掉","五年级上册_英语词汇表.md；五年级下册_英语词汇表.md；六年级上册_英语词汇表.md；六年级下册_英语词汇表.md；四年级下册_英语词汇表.md"
"take(took,taken)","","t. 拿走，做，乘坐，花费","初中英语必背1600单词.md"
"tale","","故事，传说","初中英语必背1600单词.md"
"talk","/tɔ:k/","谈话，讲话，演讲，交谈","初中英语必背1600单词.md；四年级下册_英语词汇表.md"
"tall","","高的","初中英语必背1600单词.md"
"taller","/ˈtɔ:lə(r)/","更高的","六年级下册_英语词汇表.md"
"tap","/tæp/","水龙头","五年级上册_英语词汇表.md"
"tape","/teɪp/","胶带","六年级下册_英语词汇表.md；初中英语必背1600单词.md"
"task","","任务，工作","初中英语必背1600单词.md"
"taste","","品尝，尝味，味道 vt.品尝，尝味","初中英语必背1600单词.md"
"taxi","","driver 出租车司机","五年级上册_英语词汇表.md；初中英语必背1600单词.md"
"tea","","茶，茶叶","初中英语必背1600单词.md"
"teach","/ti:tʃ/","教（课）","五年级上册_英语词汇表.md"
"teach(taught,taught)","","教书，教","初中英语必背1600单词.md"
"teacher","/ˈti:tʃə(r)/","教师，教员","初中英语必背1600单词.md；四年级上册_英语词汇表.md"
"team","/ti:m/","（游戏或运动的）队","六年级上册_英语词汇表.md；初中英语必背1600单词.md"
"technology","","技术","初中英语必背1600单词.md"
"telephone","","打电话 n.电话","初中英语必背1600单词.md"
"television","","电视","初中英语必背1600单词.md"
"tell","/tel/","a story 讲故事","五年级上册_英语词汇表.md；四年级下册_英语词汇表.md"
"tell(told,told)","","t. 告诉，讲述，吩咐","初中英语必背1600单词.md"
"temperature","","温度","初中英语必背1600单词.md"
"ten","","um. 十","初中英语必背1600单词.md"
"tent","","帐篷","初中英语必背1600单词.md"
"tenth","","um. 第十","初中英语必背1600单词.md"
"term","","学期，术语，条款，项","初中英语必背1600单词.md"
"terrible","","可怕的，糟糕的","初中英语必背1600单词.md"
"test","","t.&n. 测试，考查，试验","初中英语必背1600单词.md"
"text","","文本，课文","初中英语必背1600单词.md"
"than","/ðən/","比","六年级下册_英语词汇表.md；初中英语必背1600单词.md"
"thank","","t.感谢 n.(复）感谢","初中英语必背1600单词.md"
"that","/ðæt/","d.conj. 那个，那么，那样","初中英语必背1600单词.md；四年级上册_英语词汇表.md"
"the","","这（那）个， 这（那）些（定冠词）","初中英语必背1600单词.md"
"theatre","/ˈθɪətə(r)/","剧院","六年级下册_英语词汇表.md"
"their","","他（她）们，它们，人们","初中英语必背1600单词.md"
"theirs","/ðeəz/","他（或她 ，它）们的（名物主代词）","五年级下册_英语词汇表.md；初中英语必背1600单词.md"
"them","/ðəm/","他/她/它们（宾格）","初中英语必背1600单词.md；四年级下册_英语词汇表.md"
"themselves","/ðəmˈselvz/","他/她/它们自己","六年级下册_英语词汇表.md；初中英语必背1600单词.md"
"then","/ðen/","d. 当时，那时，然后，那么","五年级上册_英语词汇表.md；五年级下册_英语词汇表.md；初中英语必背1600单词.md"
"there","","int.那！ n.那里ad.在那里","初中英语必背1600单词.md"
"these","","这些","初中英语必背1600单词.md"
"they","","他（她）们，它们，人们","初中英语必背1600单词.md"
"thick","/θɪk/","厚的；粗的","初中英语必背1600单词.md；四年级下册_英语词汇表.md"
"thin","/θɪn/","薄的，瘦的，稀得","初中英语必背1600单词.md；四年级下册_英语词汇表.md"
"thing","/θɪŋ/","东西， （复）物品，用品，事情，事件","五年级上册_英语词汇表.md；初中英语必背1600单词.md"
"think","/θɪŋk/","想","五年级上册_英语词汇表.md"
"think(thought,thought)","","想，认为，考虑","初中英语必背1600单词.md"
"third","","um. 第三","初中英语必背1600单词.md"
"thirsty","/ˈθɜ:sti/","口渴的","初中英语必背1600单词.md；四年级上册_英语词汇表.md"
"thirteen","","um 十三","初中英语必背1600单词.md"
"thirty","/ˈθɜ:ti/","um. 三十","初中英语必背1600单词.md；四年级上册_英语词汇表.md"
"this","","这，这个","初中英语必背1600单词.md"
"those","/ðəʊz/","那些","初中英语必背1600单词.md；四年级下册_英语词汇表.md"
"though","","虽然，可是","初中英语必背1600单词.md"
"thought","","思考，思想","初中英语必背1600单词.md"
"thousand","/ˈθaʊznd/","um. 千","六年级上册_英语词汇表.md；初中英语必背1600单词.md"
"thread","","线","初中英语必背1600单词.md"
"three","","um. 三","初中英语必背1600单词.md"
"through","/θru:/","d. 穿（通）","五年级下册_英语词汇表.md；初中英语必背1600单词.md"
"throw","","away /θrəʊ əˈweɪ/ 扔掉","六年级下册_英语词汇表.md"
"throw(threw,thrwn)","","投，掷，扔","初中英语必背1600单词.md"
"Thursday","/ˈθɜ:zdeɪ; -di/","星期四","初中英语必背1600单词.md；四年级下册_英语词汇表.md"
"ticket","","票，卷","初中英语必背1600单词.md"
"tidy","/ˈtaɪdi/","up 把……整理好","五年级下册_英语词汇表.md；初中英语必背1600单词.md"
"tie","","t.系，拴 n.领带，绳子，关系","初中英语必背1600单词.md"
"tiger","","老虎","初中英语必背1600单词.md"
"till","","直到…为止","初中英语必背1600单词.md"
"time","/taɪm/","时间，时期，钟点，次","初中英语必背1600单词.md；四年级下册_英语词汇表.md"
"timetable","/ˈtaɪmteɪbl/","课程表；","四年级下册_英语词汇表.md"
"tiny","","极小的，微小的","初中英语必背1600单词.md"
"tired","/ˈtaɪəd/","疲劳的，累的","初中英语必背1600单词.md；四年级上册_英语词汇表.md"
"to","","(动词不定式符号，无词义）给，对，向","初中英语必背1600单词.md"
"today","/təˈdeɪ/","d.&n. 今天，现在","初中英语必背1600单词.md；四年级上册_英语词汇表.md"
"together","/təˈɡeðə(r)/","d. 一起，共同","初中英语必背1600单词.md；四年级上册_英语词汇表.md"
"toilet","/ˈtɔɪlət/","厕所","初中英语必背1600单词.md；四年级上册_英语词汇表.md"
"tomato","","西红柿","初中英语必背1600单词.md"
"tomorrow","/təˈmɒrəʊ/","d. 明天","五年级下册_英语词汇表.md；初中英语必背1600单词.md"
"tongue","","舌头","初中英语必背1600单词.md"
"tonight","","d.&n. 今晚，今夜","初中英语必背1600单词.md"
"too","","d. 也，还， 又，太，过分，很，非常","初中英语必背1600单词.md"
"tool","/tu:l/","工具，器具","六年级下册_英语词汇表.md；初中英语必背1600单词.md"
"tooth","/tu:θ/","牙齿（复数teeth /ti:θ/）","四年级上册_英语词汇表.md"
"toothache","/ˈtu:θeɪk/","牙痛","五年级下册_英语词汇表.md；初中英语必背1600单词.md"
"toothbrush","","牙刷","初中英语必背1600单词.md"
"toothless","/ˈtu:θləs/","没有牙齿的","五年级下册_英语词汇表.md"
"toothpaste","","牙膏","初中英语必背1600单词.md"
"top","","顶部，（物体的）上面","初中英语必背1600单词.md"
"total","","总数的，完全的 n.合计v.合计为","初中英语必背1600单词.md"
"touch","/tʌtʃ/","t. 触摸，接触","初中英语必背1600单词.md；四年级下册_英语词汇表.md"
"tour","","参观，观光，旅行","初中英语必背1600单词.md"
"tourist","/ˈtʊərɪst; ˈtɔ:r-/","旅行者，观光者","六年级上册_英语词汇表.md；初中英语必背1600单词.md"
"toward(s)","","向，朝，关于","初中英语必背1600单词.md"
"towel","","毛巾","初中英语必背1600单词.md"
"tower","","塔","初中英语必背1600单词.md"
"towm","","城镇，城","初中英语必背1600单词.md"
"toy","","shop 玩具店","五年级上册_英语词汇表.md；初中英语必背1600单词.md"
"trade","","贸易 vt.用…进行交换","初中英语必背1600单词.md"
"traditional","","传统的","初中英语必背1600单词.md"
"traffic","","交通，来往车辆","初中英语必背1600单词.md"
"train","","火车 v.培训，训练","初中英语必背1600单词.md"
"training","","培训","初中英语必背1600单词.md"
"translate","","t. 翻译","初中英语必背1600单词.md"
"travel","/ˈtrævl/","旅行；长途行走","五年级下册_英语词汇表.md；初中英语必背1600单词.md"
"treasure","","金银珠宝，财富","初中英语必背1600单词.md"
"treatment","","对待，待遇","初中英语必背1600单词.md"
"tree","/tri:/","树","五年级上册_英语词汇表.md；初中英语必背1600单词.md"
"triangle","/ˈtraɪæŋɡl/","三角形","四年级上册_英语词汇表.md"
"trip","","旅行，旅程","初中英语必背1600单词.md"
"trouble","","t.使苦恼，使麻烦 n.问题,疾病，麻烦","初中英语必背1600单词.md"
"trousers","/ˈtraʊzəz/","裤子，长裤","五年级下册_英语词汇表.md；初中英语必背1600单词.md"
"truck","/trʌk/","卡车","六年级下册_英语词汇表.md；初中英语必背1600单词.md"
"TRUE","","真的，真实的，忠诚的","初中英语必背1600单词.md"
"trust","","t. 相信，信任，信赖","初中英语必背1600单词.md"
"truth","","真理，事实，真相，实际情况","初中英语必背1600单词.md"
"try","/traɪ/","… on 试穿（衣物）","五年级下册_英语词汇表.md；初中英语必背1600单词.md；四年级上册_英语词汇表.md"
"Tuesday","/ˈtju:zdeɪ; -di/","um. 星期二","初中英语必背1600单词.md；四年级下册_英语词汇表.md"
"turkey","/ˈtɜ:ki/","火鸡","六年级下册_英语词汇表.md"
"turn","/tɜ:n/","旋转，翻转，转弯 n.轮流，顺序","五年级上册_英语词汇表.md；初中英语必背1600单词.md"
"TV","/ˌti:ˈvi:/","电视；电视机","五年级上册_英语词汇表.md"
"twelfth","","um. 第十二","初中英语必背1600单词.md"
"twelve","","um. 十二","初中英语必背1600单词.md"
"twentieth","","um. 第二十","初中英语必背1600单词.md"
"twenty","","first num. 第二十一","初中英语必背1600单词.md"
"twice","/twaɪs/","d. 两次，两倍","五年级下册_英语词汇表.md；初中英语必背1600单词.md"
"two","","um. 倍","初中英语必背1600单词.md"
"ugly","/ˈʌɡli/","丑陋的，难看的","初中英语必背1600单词.md；四年级下册_英语词汇表.md"
"umbrella","/ʌmˈbrelə/","雨伞","五年级下册_英语词汇表.md；初中英语必背1600单词.md"
"uncle","/ˈʌŋkl/","叔，伯，舅，姑父，姨夫","初中英语必背1600单词.md；四年级上册_英语词汇表.md"
"under","/ˈʌndə(r)/","d.&prep. 在…下面，向…下面","初中英语必背1600单词.md；四年级上册_英语词汇表.md"
"underground","/ˈʌndəɡraʊnd/","地下的 bn.地铁","五年级上册_英语词汇表.md；初中英语必背1600单词.md"
"understand","","懂得，明白，理解","初中英语必背1600单词.md"
"unhappy","/ʌnˈhæpi/","不高兴的","六年级下册_英语词汇表.md"
"unit","","单元，单位","初中英语必背1600单词.md"
"university","","大学","初中英语必背1600单词.md"
"unless","","如果不，除非","初中英语必背1600单词.md"
"until","/ənˈtɪl/","直到…为止","五年级下册_英语词汇表.md；初中英语必背1600单词.md"
"up","/ʌp/","d.向上，在上方 a.上面的，向上的","五年级上册_英语词汇表.md；初中英语必背1600单词.md"
"upon","","在…上面","初中英语必背1600单词.md"
"upstairs","","d. 在楼上，到楼上","初中英语必背1600单词.md"
"us","/ʌs/","(宾格）我们","初中英语必背1600单词.md；四年级下册_英语词汇表.md"
"use","/ju:z; -s/","t. 利用，使用，应用","五年级上册_英语词汇表.md；初中英语必背1600单词.md"
"useful","/ˈju:sfl/","有用的，有益的","五年级上册_英语词汇表.md；初中英语必背1600单词.md"
"usual","","通常的，平常的","初中英语必背1600单词.md"
"usually","/ˈju:Zuəli; -Zəli/","d. 通常，平常","五年级上册_英语词汇表.md；初中英语必背1600单词.md"
"vacation","","假期，休假","初中英语必背1600单词.md"
"value","","价值，益处","初中英语必背1600单词.md"
"various","","各种各样的，不同的","初中英语必背1600单词.md"
"vase","/vɑ:z/","花瓶","六年级下册_英语词汇表.md"
"VCD","","影碟光盘","初中英语必背1600单词.md"
"vegetable","/ˈvedʒtəbl/","蔬菜","五年级上册_英语词汇表.md；六年级上册_英语词汇表.md；初中英语必背1600单词.md"
"very","","d. 很，非常","初中英语必背1600单词.md"
"victory","","胜利","初中英语必背1600单词.md"
"video","","录像，视频","初中英语必背1600单词.md"
"village","/ˈvɪlɪdʒ/","村庄，乡村","五年级下册_英语词汇表.md；初中英语必背1600单词.md"
"violin","/ˌvaɪəˈlɪn/","小提琴","初中英语必背1600单词.md；四年级下册_英语词汇表.md"
"visit","/ˈvɪzɪt/","t. 参观，访问，拜访","五年级上册_英语词汇表.md；初中英语必背1600单词.md"
"visitor","","访问者，参观者","初中英语必背1600单词.md"
"voice","","说话声，语态","初中英语必背1600单词.md"
"volleyball","/ˈvɒlibɔ:l/","排球","初中英语必背1600单词.md；四年级下册_英语词汇表.md"
"wait","/weɪt/","等，等候，问候","初中英语必背1600单词.md；四年级下册_英语词汇表.md"
"wake(woke,woken)","","醒，醒来，叫醒","初中英语必背1600单词.md"
"walk","/wɔ:k/","步行，散步","五年级上册_英语词汇表.md；初中英语必背1600单词.md"
"wall","/wɔ:l/","墙；围墙","五年级下册_英语词汇表.md；初中英语必背1600单词.md"
"want","/wɒnt/","t. 想，想要，需要，必要","五年级上册_英语词汇表.md；初中英语必背1600单词.md；四年级上册_英语词汇表.md"
"war","","战争","初中英语必背1600单词.md"
"warm","","hearted a. 热心的","初中英语必背1600单词.md"
"warn","","t. 警告，预先通知","初中英语必背1600单词.md"
"wash","/wɒʃ/","洗（涤） v.洗（涤），冲洗，弄湿","初中英语必背1600单词.md；四年级下册_英语词汇表.md"
"waste","","t. 浪费","初中英语必背1600单词.md"
"watch","/wɒtʃ/","t.观看，注视，当心 注意n.手表","五年级上册_英语词汇表.md；五年级下册_英语词汇表.md；初中英语必背1600单词.md"
"water","/ˈwɔ:tə(r)/","给……浇水","四年级下册_英语词汇表.md"
"watermelon","/ˈwɔ:təmelən/","西瓜","初中英语必背1600单词.md；四年级下册_英语词汇表.md"
"way","/weɪ/","路，路线，方式手段","六年级上册_英语词汇表.md；初中英语必背1600单词.md"
"we","","我们","初中英语必背1600单词.md"
"weak","","差的，弱的，淡的","初中英语必背1600单词.md"
"wealth","","财富，财产","初中英语必背1600单词.md"
"wear","/weə(r)/","glasses 戴眼镜","五年级下册_英语词汇表.md；四年级下册_英语词汇表.md"
"wear(wore,worn)","","穿，戴","初中英语必背1600单词.md"
"weather","/ˈweðə(r)/","天气","初中英语必背1600单词.md；四年级上册_英语词汇表.md"
"website","","网站","初中英语必背1600单词.md"
"Wednesday","","星期三","初中英语必背1600单词.md"
"week","/wi:k/","周；星期","五年级下册_英语词汇表.md；初中英语必背1600单词.md；四年级下册_英语词汇表.md"
"weekday","","平日","初中英语必背1600单词.md"
"weekend","/ˌwi:kˈend/","周末","五年级下册_英语词汇表.md；初中英语必背1600单词.md"
"weght","","重，重量","初中英语必背1600单词.md"
"weigh","/weɪ/","t. 称…的重量","六年级下册_英语词汇表.md；初中英语必背1600单词.md"
"welcome","/ˈwelkəm/","int.n.&v.欢迎 a.受欢迎的","初中英语必背1600单词.md；四年级上册_英语词汇表.md"
"well","/wel/","d.好，令人满意的 a.好的，健康的","初中英语必背1600单词.md；四年级上册_英语词汇表.md"
"west","/west/","（在）西的，向西的 ad.在西方","六年级上册_英语词汇表.md；初中英语必背1600单词.md"
"Western","/ˈwestən/","西方的","六年级下册_英语词汇表.md；初中英语必背1600单词.md"
"wet","","潮湿的","初中英语必背1600单词.md"
"whale","","鲸鱼","初中英语必背1600单词.md"
"what","","什么","初中英语必背1600单词.md"
"whatever","","无论什么","初中英语必背1600单词.md"
"wheat","","小麦","初中英语必背1600单词.md"
"wheel","","车轮","初中英语必背1600单词.md"
"when","/wen/","d. 当…时","五年级上册_英语词汇表.md；初中英语必背1600单词.md"
"where","/weə(r)/","哪儿","初中英语必背1600单词.md；四年级上册_英语词汇表.md"
"wherever","","无论哪儿","初中英语必背1600单词.md"
"whether","","是否","初中英语必背1600单词.md"
"which","/wɪtʃ/","哪一个；哪一些","五年级下册_英语词汇表.md；初中英语必背1600单词.md"
"while","","当…时","初中英语必背1600单词.md"
"white","","白色","初中英语必背1600单词.md"
"who","","谁","初中英语必背1600单词.md"
"whole","","全部的","初中英语必背1600单词.md"
"whom","","谁","初中英语必背1600单词.md"
"whose","/hu:z/","谁的","初中英语必背1600单词.md；四年级下册_英语词汇表.md"
"why","/waɪ/","int. 为什么","五年级下册_英语词汇表.md；初中英语必背1600单词.md"
"wide","","宽的","初中英语必背1600单词.md"
"wife","/waɪf/","妻子","六年级下册_英语词汇表.md；初中英语必背1600单词.md"
"wild","/waɪld/","野生环境；野生的","六年级上册_英语词汇表.md"
"wild goose","/ˌwaɪld ˈɡu:s/","大雁","五年级下册_英语词汇表.md"
"will","/wɪl/","odal v. 将来（助动词）","五年级下册_英语词汇表.md；初中英语必背1600单词.md"
"win","/wɪn/","战胜，赢得","六年级下册_英语词汇表.md；初中英语必背1600单词.md"
"wind","/wɪnd/","风","四年级上册_英语词汇表.md"
"wind-bell","/wɪnd bel/","风铃","五年级上册_英语词汇表.md"
"windmill","/ˈwɪndmɪl/","风车","五年级上册_英语词汇表.md"
"window","","窗户","初中英语必背1600单词.md"
"windy","/ˈwɪndi/","风大的；多风的","初中英语必背1600单词.md；四年级上册_英语词汇表.md"
"wine","","酒","初中英语必背1600单词.md"
"wing","","翅膀","初中英语必背1600单词.md"
"winner","","获胜者","初中英语必背1600单词.md"
"winter","","冬天","初中英语必背1600单词.md"
"wise","","明智的，智慧的","初中英语必背1600单词.md"
"wish","/wɪʃ/","愿望；祝愿","六年级下册_英语词汇表.md；初中英语必背1600单词.md"
"with","/wɪð/","和……一起","初中英语必背1600单词.md；四年级下册_英语词汇表.md"
"without","","不和…","初中英语必背1600单词.md"
"wolf","","狼","初中英语必背1600单词.md"
"woman","","女人","初中英语必背1600单词.md"
"wonder","","惊奇，惊讶","初中英语必背1600单词.md"
"wonderful","","美丽的","初中英语必背1600单词.md"
"wood","/wʊd/","木头；木材","六年级上册_英语词汇表.md；初中英语必背1600单词.md"
"woof","/wʊf/","（狗叫声）汪汪","四年级上册_英语词汇表.md"
"word","/wɜ:d/","单词","五年级上册_英语词汇表.md；初中英语必背1600单词.md"
"work","","工作","初中英语必背1600单词.md"
"worker","","工人","初中英语必背1600单词.md"
"world","/wɜ:ld/","世界","五年级下册_英语词汇表.md；初中英语必背1600单词.md"
"worried","","担忧","初中英语必背1600单词.md"
"worry","/ˈwʌri/","担心","六年级下册_英语词汇表.md；初中英语必背1600单词.md"
"worse","","更坏","初中英语必背1600单词.md"
"worth","","值得","初中英语必背1600单词.md"
"would","","modal v. will的过去式","六年级上册_英语词汇表.md；初中英语必背1600单词.md"
"wound","","伤，创伤","初中英语必背1600单词.md"
"write","/raɪt/","写字；书写","初中英语必背1600单词.md；四年级上册_英语词汇表.md"
"writer","/ˈraɪtə(r)/","作家","五年级下册_英语词汇表.md；六年级下册_英语词汇表.md"
"wrong","","错的","初中英语必背1600单词.md"
"x-ray","","X光照相","初中英语必背1600单词.md"
"yard","/jɑ:d/","院子","六年级下册_英语词汇表.md；初中英语必背1600单词.md"
"year","/jɪə(r); jɜ:(r)/","年岁；年","五年级上册_英语词汇表.md；初中英语必背1600单词.md"
"yellow","","黄色的","初中英语必背1600单词.md"
"yes","","是的","初中英语必背1600单词.md"
"yesterday","/ˈjestədeɪ; ˈjestədi/","昨天","六年级上册_英语词汇表.md；初中英语必背1600单词.md"
"yet","","还…，已经…","初中英语必背1600单词.md"
"you","","你","初中英语必背1600单词.md"
"young","/jʌŋ/","年青的","初中英语必背1600单词.md；四年级下册_英语词汇表.md"
"your","","你的","初中英语必背1600单词.md"
"yours","/jɔ:z/","你的；你们的","五年级下册_英语词汇表.md；初中英语必背1600单词.md；四年级下册_英语词汇表.md"
"yourself","/jɔ:ˈself; jə-/","你自己","六年级上册_英语词汇表.md；初中英语必背1600单词.md"
"yourselves","","你们自己","初中英语必背1600单词.md"
"youth","","年青","初中英语必背1600单词.md"
"zero","","um. 零","初中英语必背1600单词.md"
"zoo","/zu:/","动物园","初中英语必背1600单词.md；四年级下册_英语词汇表.md"
